case_id,mesh_id,diagonal,resolution,field_id,field_kind,energy_j,reference_energy_j,energy_relative_error,normalized_energy_error,curvature_relative_l2_error,float32_displacement_energy_j,float32_energy_relative_difference,float32_max_displacement_error_m,normal_force_norm_n,operator_sha256
forward_4_cylinder_000,forward_4,forward,4,cylinder_000,quadratic,0.00020000000000000012,0.0002,5.421010862427522e-16,5.421010862427522e-16,2.723827027151122e-15,0.00019999993517997523,3.2410012445072807e-07,2.2351741811588166e-10,0.13527937834009163,2f33f9517e63da47f4209d89ba3a992681b59ed96749f8a2a9e3f4cdffe172bc
forward_4_cylinder_015,forward_4,forward,4,cylinder_015,quadratic,0.0002000000000000002,0.00020000000000000004,8.131516293641281e-16,8.131516293641283e-16,3.697332889200768e-15,0.00019999996437009812,1.781495103888619e-07,4.624100633648931e-10,0.13136353204379217,2f33f9517e63da47f4209d89ba3a992681b59ed96749f8a2a9e3f4cdffe172bc
forward_4_cylinder_030,forward_4,forward,4,cylinder_030,quadratic,0.00020000000000000025,0.00019999999999999998,1.3552527156068807e-15,1.3552527156068805e-15,4.166920572316685e-15,0.00020000002105426492,1.0527132334250942e-07,7.386334287262653e-10,0.12063271201699093,2f33f9517e63da47f4209d89ba3a992681b59ed96749f8a2a9e3f4cdffe172bc
forward_4_cylinder_045,forward_4,forward,4,cylinder_045,quadratic,0.0002000000000000005,0.0002,2.439454888092385e-15,2.439454888092385e-15,4.1429647294114535e-15,0.00019999996648741795,1.6756291273674124e-07,4.470348362317633e-10,0.11468457184995792,2f33f9517e63da47f4209d89ba3a992681b59ed96749f8a2a9e3f4cdffe172bc
forward_4_cylinder_060,forward_4,forward,4,cylinder_060,quadratic,0.00020000000000000017,0.00020000000000000004,6.776263578034402e-16,6.776263578034403e-16,4.730119484234325e-15,0.0002000000210542648,1.0527132307145891e-07,7.386334252568183e-10,0.12063271201699063,2f33f9517e63da47f4209d89ba3a992681b59ed96749f8a2a9e3f4cdffe172bc
forward_4_cylinder_075,forward_4,forward,4,cylinder_075,quadratic,0.0002000000000000002,0.00020000000000000004,8.131516293641281e-16,8.131516293641283e-16,4.071090731445708e-15,0.000199999964370098,1.78149510930963e-07,4.624100616301696e-10,0.13136353204379214,2f33f9517e63da47f4209d89ba3a992681b59ed96749f8a2a9e3f4cdffe172bc
forward_4_cylinder_090,forward_4,forward,4,cylinder_090,quadratic,0.00019999999999999993,0.0002,4.0657581468206416e-16,4.0657581468206416e-16,3.4914467879210176e-15,0.00019999993517997507,3.241001243152031e-07,2.2351741985060514e-10,0.13527937834009138,2f33f9517e63da47f4209d89ba3a992681b59ed96749f8a2a9e3f4cdffe172bc
forward_4_cylinder_105,forward_4,forward,4,cylinder_105,quadratic,0.00019999999999999993,0.00020000000000000006,6.776263578034401e-16,6.776263578034403e-16,2.689055814405617e-15,0.00020000000447534445,2.237672259942578e-08,3.6931671262840915e-10,0.12761249538972197,2f33f9517e63da47f4209d89ba3a992681b59ed96749f8a2a9e3f4cdffe172bc
forward_4_cylinder_120,forward_4,forward,4,cylinder_120,quadratic,0.00019999999999999977,0.00019999999999999993,8.131516293641286e-16,8.131516293641283e-16,1.975969241857307e-15,0.00019999999257472314,3.712638310389258e-08,1.6763806402059211e-10,0.11344464538679604,2f33f9517e63da47f4209d89ba3a992681b59ed96749f8a2a9e3f4cdffe172bc
forward_4_cylinder_135,forward_4,forward,4,cylinder_135,quadratic,0.00019999999999999982,0.0002,9.486769009248164e-16,9.486769009248164e-16,1.6809745305884576e-15,0.0001999999987926108,6.0369450324143705e-09,1.1175870992530257e-10,0.10587584180326967,2f33f9517e63da47f4209d89ba3a992681b59ed96749f8a2a9e3f4cdffe172bc
forward_4_cylinder_150,forward_4,forward,4,cylinder_150,quadratic,0.0001999999999999999,0.00019999999999999998,4.065758146820642e-16,4.0657581468206416e-16,1.7076924211619508e-15,0.00019999999257472325,3.7126383239417824e-08,1.6763806402059211e-10,0.11344464538679609,2f33f9517e63da47f4209d89ba3a992681b59ed96749f8a2a9e3f4cdffe172bc
forward_4_cylinder_165,forward_4,forward,4,cylinder_165,quadratic,0.00019999999999999993,0.00019999999999999996,1.3552527156068808e-16,1.3552527156068805e-16,2.0839398034481234e-15,0.0002000000044753446,2.237672341257741e-08,3.693167160978561e-10,0.12761249538972197,2f33f9517e63da47f4209d89ba3a992681b59ed96749f8a2a9e3f4cdffe172bc
forward_4_twist,forward_4,forward,4,twist,quadratic,0.00040000000000000045,0.0004,1.0842021724855044e-15,2.168404344971009e-15,2.800553741382587e-15,0.00040000000207556766,5.188918007293161e-09,4.470348362317633e-10,0.10961900624714792,2f33f9517e63da47f4209d89ba3a992681b59ed96749f8a2a9e3f4cdffe172bc
forward_4_dome,forward_4,forward,4,dome,quadratic,0.0004000000000000005,0.0004,1.2197274440461925e-15,2.439454888092385e-15,3.951854730813627e-15,0.0003999999377145635,1.5571359251922277e-07,4.470348362317633e-10,0.19159374537104829,2f33f9517e63da47f4209d89ba3a992681b59ed96749f8a2a9e3f4cdffe172bc
forward_4_saddle,forward_4,forward,4,saddle,quadratic,0.00039999999999999986,0.0004,4.0657581468206416e-16,8.131516293641283e-16,2.4190488989680835e-15,0.00040000000124402037,3.1100512790094305e-09,3.725290301931361e-10,0.19103370789214252,2f33f9517e63da47f4209d89ba3a992681b59ed96749f8a2a9e3f4cdffe172bc
forward_4_quartic,forward_4,forward,4,quartic,general,1.9933045679209175e-05,2.88e-05,0.3078803583607925,0.04433477160395412,0.3060758347424075,1.9933048455599254e-05,1.3928579327189462e-07,9.499490256914545e-11,0.052577757147054975,2f33f9517e63da47f4209d89ba3a992681b59ed96749f8a2a9e3f4cdffe172bc
forward_4_sine,forward_4,forward,4,sine,general,3.629322456953854e-05,4.8704545517001214e-05,0.2548288012076875,0.06205660473731335,0.4702486112875191,3.629322664256407e-05,5.711880255007767e-08,4.749745128457272e-11,0.07117731137315245,2f33f9517e63da47f4209d89ba3a992681b59ed96749f8a2a9e3f4cdffe172bc
forward_8_cylinder_000,forward_8,forward,8,cylinder_000,quadratic,0.00020000000000000052,0.0002,2.574980159653073e-15,2.574980159653073e-15,1.521540572194687e-14,0.0001999999165535764,4.1723212057076235e-07,2.2351741811588166e-10,0.1959669901398944,5342a034788bbc5a2ff05f193b2733e44ff137767fdffb8b46f32179b75fc7fd
forward_8_cylinder_015,forward_8,forward,8,cylinder_015,quadratic,0.0002000000000000018,0.00020000000000000004,8.809142651444722e-15,8.809142651444724e-15,1.9723496636935003e-14,0.00020000003127989755,1.563994787357508e-07,4.624100633648931e-10,0.18652552897441016,5342a034788bbc5a2ff05f193b2733e44ff137767fdffb8b46f32179b75fc7fd
forward_8_cylinder_030,forward_8,forward,8,cylinder_030,quadratic,0.00020000000000000367,0.00019999999999999998,1.843143693225358e-14,1.8431436932253575e-14,2.3961844755155298e-14,0.00020000010602163367,5.301081500304762e-07,7.386334287262653e-10,0.16435586808735936,5342a034788bbc5a2ff05f193b2733e44ff137767fdffb8b46f32179b75fc7fd
forward_8_cylinder_045,forward_8,forward,8,cylinder_045,quadratic,0.0002000000000000047,0.0002,2.3445871979999033e-14,2.3445871979999033e-14,2.5786747812995333e-14,0.00019999997508363338,1.2458185660391194e-07,4.470348362317633e-10,0.1519222075368086,5342a034788bbc5a2ff05f193b2733e44ff137767fdffb8b46f32179b75fc7fd
forward_8_cylinder_060,forward_8,forward,8,cylinder_060,quadratic,0.000200000000000005,0.00020000000000000004,2.480112469560591e-14,2.4801124695605914e-14,2.5377872333727912e-14,0.00020000010602163498,5.301081498949474e-07,7.386334252568183e-10,0.16435586808736027,5342a034788bbc5a2ff05f193b2733e44ff137767fdffb8b46f32179b75fc7fd
forward_8_cylinder_075,forward_8,forward,8,cylinder_075,quadratic,0.00020000000000000367,0.00020000000000000004,1.8160386389132196e-14,1.81603863891322e-14,2.3073142624727705e-14,0.0002000000312798991,1.5639947710944609e-07,4.624100616301696e-10,0.18652552897441066,5342a034788bbc5a2ff05f193b2733e44ff137767fdffb8b46f32179b75fc7fd
forward_8_cylinder_090,forward_8,forward,8,cylinder_090,quadratic,0.00020000000000000193,0.0002,9.622294280808852e-15,9.622294280808852e-15,2.0031460509093824e-14,0.00019999991655357763,4.1723212151943634e-07,2.2351741985060514e-10,0.19596699013989502,5342a034788bbc5a2ff05f193b2733e44ff137767fdffb8b46f32179b75fc7fd
forward_8_cylinder_105,forward_8,forward,8,cylinder_105,quadratic,0.00020000000000000052,0.00020000000000000006,2.303929616531696e-15,2.303929616531697e-15,1.3198993849548776e-14,0.00020000001232140435,6.160701912808956e-08,4.031273492105525e-10,0.18415814382963175,5342a034788bbc5a2ff05f193b2733e44ff137767fdffb8b46f32179b75fc7fd
forward_8_cylinder_120,forward_8,forward,8,cylinder_120,quadratic,0.00019999999999999996,0.00019999999999999993,1.355252715606881e-16,1.3552527156068805e-16,7.451248597766938e-15,0.00019999999226201886,3.868990550029775e-08,2.3120502994772307e-10,0.15966492545693525,5342a034788bbc5a2ff05f193b2733e44ff137767fdffb8b46f32179b75fc7fd
forward_8_cylinder_135,forward_8,forward,8,cylinder_135,quadratic,0.00020000000000000015,0.0002,6.776263578034403e-16,6.776263578034403e-16,5.788749875911994e-15,0.00019999999677615697,1.6119215879607782e-08,1.1175870992530257e-10,0.14603169211524245,5342a034788bbc5a2ff05f193b2733e44ff137767fdffb8b46f32179b75fc7fd
forward_8_cylinder_150,forward_8,forward,8,cylinder_150,quadratic,0.00019999999999999993,0.00019999999999999998,2.710505431213761e-16,2.710505431213761e-16,6.6166683218309665e-15,0.00019999999226201883,3.868990550029776e-08,2.3120502994772307e-10,0.1596649254569351,5342a034788bbc5a2ff05f193b2733e44ff137767fdffb8b46f32179b75fc7fd
forward_8_cylinder_165,forward_8,forward,8,cylinder_165,quadratic,0.00019999999999999998,0.00019999999999999996,1.3552527156068808e-16,1.3552527156068805e-16,9.861213703823165e-15,0.00020000001232140386,6.160701939914026e-08,4.0312735267999944e-10,0.1841581438296319,5342a034788bbc5a2ff05f193b2733e44ff137767fdffb8b46f32179b75fc7fd
forward_8_twist,forward_8,forward,8,twist,quadratic,0.00040000000000000566,0.0004,1.4094628242311558e-14,2.8189256484623115e-14,1.7842763592655933e-14,0.00039999998644378435,3.389055325980204e-08,4.470348362317633e-10,0.10961900624714742,5342a034788bbc5a2ff05f193b2733e44ff137767fdffb8b46f32179b75fc7fd
forward_8_dome,forward_8,forward,8,dome,quadratic,0.0004000000000000048,0.0004,1.1926223897340549e-14,2.3852447794681098e-14,2.360490800153074e-14,0.0004000000333005049,8.325125026744933e-08,4.470348362317633e-10,0.2771189238561374,5342a034788bbc5a2ff05f193b2733e44ff137767fdffb8b46f32179b75fc7fd
forward_8_saddle,forward_8,forward,8,saddle,quadratic,0.0004000000000000004,0.0004,9.486769009248164e-16,1.8973538018496328e-15,1.0517107192401066e-14,0.0003999999938851597,1.528710168977215e-08,3.725290301931361e-10,0.277159425130691,5342a034788bbc5a2ff05f193b2733e44ff137767fdffb8b46f32179b75fc7fd
forward_8_quartic,forward_8,forward,8,quartic,general,2.5875521134357163e-05,2.88e-05,0.10154440505704292,0.014622394328214178,0.13672878159723226,2.587552629824296e-05,1.9956644628117212e-07,9.499490256914545e-11,0.09675632508996737,5342a034788bbc5a2ff05f193b2733e44ff137767fdffb8b46f32179b75fc7fd
forward_8_sine,forward_8,forward,8,sine,general,4.5856685058120273e-05,4.8704545517001214e-05,0.058472169869377845,0.0142393022944047,0.23679358777337142,4.585668589907174e-05,1.8338688600530093e-08,4.749745128457272e-11,0.07020740982223722,5342a034788bbc5a2ff05f193b2733e44ff137767fdffb8b46f32179b75fc7fd
forward_16_cylinder_000,forward_16,forward,16,cylinder_000,quadratic,0.00020000000000000071,0.0002,3.5236570605778894e-15,3.5236570605778894e-15,5.98479429166969e-14,0.00019999991655370185,4.172314943084821e-07,2.2351741811588166e-10,0.2828481239543432,404786af60543bc74fa6f5097ac0e3e8c7d33df1d5071f9cda28421c4544ae0f
forward_16_cylinder_015,forward_16,forward,16,cylinder_015,quadratic,0.00020000000000000633,0.00020000000000000004,3.144186300207962e-14,3.144186300207963e-14,8.793175086558095e-14,0.00019999995497399286,2.2513006731191328e-07,4.624100633648931e-10,0.26681786476767644,404786af60543bc74fa6f5097ac0e3e8c7d33df1d5071f9cda28421c4544ae0f
forward_16_cylinder_030,forward_16,forward,16,cylinder_030,quadratic,0.0002000000000000145,0.00019999999999999998,7.264154555652881e-14,7.26415455565288e-14,1.0465689323684214e-13,0.00020000008605267473,4.3026330111617036e-07,8.529163486592495e-10,0.23024519837501284,404786af60543bc74fa6f5097ac0e3e8c7d33df1d5071f9cda28421c4544ae0f
forward_16_cylinder_045,forward_16,forward,16,cylinder_045,quadratic,0.0002000000000000195,0.0002,9.744267025213471e-14,9.744267025213471e-14,1.0773700990584498e-13,0.0001999999892580163,5.371001603540236e-08,6.705522526129215e-10,0.20947638803182608,404786af60543bc74fa6f5097ac0e3e8c7d33df1d5071f9cda28421c4544ae0f
forward_16_cylinder_060,forward_16,forward,16,cylinder_060,quadratic,0.00020000000000001828,0.00020000000000000004,9.120850776034305e-14,9.120850776034306e-14,1.0445843025379009e-13,0.00020000008605267902,4.302633036911424e-07,8.529163486592495e-10,0.2302451983750227,404786af60543bc74fa6f5097ac0e3e8c7d33df1d5071f9cda28421c4544ae0f
forward_16_cylinder_075,forward_16,forward,16,cylinder_075,quadratic,0.00020000000000001204,0.00020000000000000004,6.00376953013848e-14,6.003769530138481e-14,8.86756528581634e-14,0.00019999995497399934,2.2513006351719924e-07,4.624100616301696e-10,0.26681786476767905,404786af60543bc74fa6f5097ac0e3e8c7d33df1d5071f9cda28421c4544ae0f
forward_16_cylinder_090,forward_16,forward,16,cylinder_090,quadratic,0.00020000000000000595,0.0002,2.9680034471790684e-14,2.9680034471790684e-14,5.969511365176374e-14,0.00019999991655370768,4.172314913269152e-07,2.2351741985060514e-10,0.28284812395434905,404786af60543bc74fa6f5097ac0e3e8c7d33df1d5071f9cda28421c4544ae0f
forward_16_cylinder_105,forward_16,forward,16,cylinder_105,quadratic,0.0002000000000000009,0.00020000000000000006,4.201283418381328e-15,4.20128341838133e-15,4.040824452263302e-14,0.00020000003226809971,1.613404940518311e-07,4.6401709558052673e-10,0.265168289843966,404786af60543bc74fa6f5097ac0e3e8c7d33df1d5071f9cda28421c4544ae0f
forward_16_cylinder_120,forward_16,forward,16,cylinder_120,quadratic,0.0002000000000000003,0.00019999999999999993,1.8973538018496335e-15,1.8973538018496328e-15,2.494073822693167e-14,0.00019999997751513965,1.124243032652945e-07,2.3120502994772307e-10,0.2269204451369922,404786af60543bc74fa6f5097ac0e3e8c7d33df1d5071f9cda28421c4544ae0f
forward_16_cylinder_135,forward_16,forward,16,cylinder_135,quadratic,0.00019999999999999977,0.0002,1.2197274440461925e-15,1.2197274440461925e-15,1.7749623658666997e-14,0.0001999999920728881,3.9635558290313e-08,1.1175870992530257e-10,0.2052443789779378,404786af60543bc74fa6f5097ac0e3e8c7d33df1d5071f9cda28421c4544ae0f
forward_16_cylinder_150,forward_16,forward,16,cylinder_150,quadratic,0.0001999999999999997,0.00019999999999999998,1.3552527156068807e-15,1.3552527156068805e-15,2.3673171722422426e-14,0.00019999997751513884,1.1242430434949701e-07,2.3120502994772307e-10,0.2269204451369951,404786af60543bc74fa6f5097ac0e3e8c7d33df1d5071f9cda28421c4544ae0f
forward_16_cylinder_165,forward_16,forward,16,cylinder_165,quadratic,0.00019999999999999795,0.00019999999999999996,1.0028870095490918e-14,1.0028870095490916e-14,3.748396106698023e-14,0.00020000003226809676,1.6134049405183347e-07,4.640170990499737e-10,0.2651682898439681,404786af60543bc74fa6f5097ac0e3e8c7d33df1d5071f9cda28421c4544ae0f
forward_16_twist,forward_16,forward,16,twist,quadratic,0.0004000000000000251,0.0004,6.274820073259857e-14,1.2549640146519714e-13,6.961947272762041e-14,0.000399999950953451,1.226164352344162e-07,7.450580603862722e-10,0.10961900624715731,404786af60543bc74fa6f5097ac0e3e8c7d33df1d5071f9cda28421c4544ae0f
forward_16_dome,forward_16,forward,16,dome,quadratic,0.0004000000000000137,0.0004,3.415236843329339e-14,6.830473686658678e-14,8.78784554628855e-14,0.0003999999202536187,1.9936598745039756e-07,4.470348362317633e-10,0.3999936223981408,404786af60543bc74fa6f5097ac0e3e8c7d33df1d5071f9cda28421c4544ae0f
forward_16_saddle,forward_16,forward,16,saddle,quadratic,0.0003999999999999993,0.0004,1.7618285302889447e-15,3.5236570605778894e-15,3.1850537811157506e-14,0.00039999993176440115,1.7058899540352308e-07,3.725290301931361e-10,0.4000216830857812,404786af60543bc74fa6f5097ac0e3e8c7d33df1d5071f9cda28421c4544ae0f
forward_16_quartic,forward_16,forward,16,quartic,general,2.797048870154806e-05,2.88e-05,0.028802475640692358,0.004147556492259699,0.06193220609395069,2.7970500652969824e-05,4.272868412496103e-07,9.499490256914545e-11,0.15446312115873137,404786af60543bc74fa6f5097ac0e3e8c7d33df1d5071f9cda28421c4544ae0f
forward_16_sine,forward_16,forward,16,sine,general,4.8156782668085064e-05,4.8704545517001214e-05,0.011246647373497065,0.0027388142445807498,0.11791904604580099,4.815678308388436e-05,8.634283183162359e-09,4.749745128457272e-11,0.06336545875012452,404786af60543bc74fa6f5097ac0e3e8c7d33df1d5071f9cda28421c4544ae0f
forward_32_cylinder_000,forward_32,forward,32,cylinder_000,quadratic,0.0002000000000000402,0.0002,2.0098397772450038e-13,2.0098397772450038e-13,3.018706504180146e-13,0.0002000002146197717,1.0730986574594627e-06,3.3527612630646075e-10,0.40398398634666494,462e8277ac13c7ab3deb032c7a97bb64cd71abb8a847bdd0bdf7d063ca1fc2a6
forward_32_cylinder_015,forward_32,forward,32,cylinder_015,quadratic,0.00020000000000007387,0.00020000000000000004,3.691708397313142e-13,3.6917083973131426e-13,3.975695764831943e-13,0.0001999999951382577,2.4309080817082023e-08,4.654702439460534e-10,0.37946247898735946,462e8277ac13c7ab3deb032c7a97bb64cd71abb8a847bdd0bdf7d063ca1fc2a6
forward_32_cylinder_030,forward_32,forward,32,cylinder_030,quadratic,0.00020000000000010564,0.00019999999999999998,5.28277508543562e-13,5.28277508543562e-13,4.662400179111342e-13,0.00020000009053975927,4.5269826814029633e-07,8.943748137923979e-10,0.324056864415487,462e8277ac13c7ab3deb032c7a97bb64cd71abb8a847bdd0bdf7d063ca1fc2a6
forward_32_cylinder_045,forward_32,forward,32,cylinder_045,quadratic,0.0002000000000001156,0.0002,5.780152832063346e-13,5.780152832063346e-13,4.891772341704558e-13,0.00019999998638277713,6.808669242553777e-08,8.195638681596229e-10,0.29237023983794636,462e8277ac13c7ab3deb032c7a97bb64cd71abb8a847bdd0bdf7d063ca1fc2a6
forward_32_cylinder_060,forward_32,forward,32,cylinder_060,quadratic,0.0002000000000000948,0.00020000000000000004,4.737963493761653e-13,4.737963493761654e-13,4.640814696035904e-13,0.00020000009053975048,4.5269827844024153e-07,8.943748172618449e-10,0.32405686441543546,462e8277ac13c7ab3deb032c7a97bb64cd71abb8a847bdd0bdf7d063ca1fc2a6
forward_32_cylinder_075,forward_32,forward,32,cylinder_075,quadratic,0.00020000000000006,0.00020000000000000004,2.9978190069224193e-13,2.99781900692242e-13,3.9118727308383623e-13,0.00019999999513824304,2.4309084747316586e-08,4.654702439460534e-10,0.3794624789873468,462e8277ac13c7ab3deb032c7a97bb64cd71abb8a847bdd0bdf7d063ca1fc2a6
forward_32_cylinder_090,forward_32,forward,32,cylinder_090,quadratic,0.00020000000000002806,0.0002,1.4026865606531214e-13,1.4026865606531214e-13,2.88963051824047e-13,0.0002000002146197578,1.0730986486503853e-06,3.3527612804118423e-10,0.4039839863466442,462e8277ac13c7ab3deb032c7a97bb64cd71abb8a847bdd0bdf7d063ca1fc2a6
forward_32_cylinder_105,forward_32,forward,32,cylinder_105,quadratic,0.00020000000000000757,0.00020000000000000006,3.754050022231058e-14,3.754050022231059e-14,1.9099259008375764e-13,0.00020000005044217115,2.522108178770995e-07,4.6401709558052673e-10,0.3783044038057215,462e8277ac13c7ab3deb032c7a97bb64cd71abb8a847bdd0bdf7d063ca1fc2a6
forward_32_cylinder_120,forward_32,forward,32,cylinder_120,quadratic,0.00020000000000000145,0.00019999999999999993,7.589415207398534e-15,7.589415207398531e-15,1.1421504786341036e-13,0.00019999995188142716,2.4059287141763203e-07,2.3120502994772307e-10,0.32170310601727886,462e8277ac13c7ab3deb032c7a97bb64cd71abb8a847bdd0bdf7d063ca1fc2a6
forward_32_cylinder_135,forward_32,forward,32,cylinder_135,quadratic,0.00020000000000000172,0.0002,8.538092108323347e-15,8.538092108323347e-15,8.822766127635703e-14,0.00019999998883332736,5.583337178011135e-08,1.6763806402059211e-10,0.28935316673928807,462e8277ac13c7ab3deb032c7a97bb64cd71abb8a847bdd0bdf7d063ca1fc2a6
forward_32_cylinder_150,forward_32,forward,32,cylinder_150,quadratic,0.0002000000000000033,0.00019999999999999998,1.6534083130403943e-14,1.6534083130403943e-14,1.2266777278176486e-13,0.00019999995188142917,2.405928706044782e-07,2.3120502994772307e-10,0.3217031060172832,462e8277ac13c7ab3deb032c7a97bb64cd71abb8a847bdd0bdf7d063ca1fc2a6
forward_32_cylinder_165,forward_32,forward,32,cylinder_165,quadratic,0.00020000000000001345,0.00019999999999999996,6.749158523722266e-14,6.749158523722265e-14,1.9786425099822013e-13,0.00020000005044217754,2.5221082045207225e-07,4.640170990499737e-10,0.37830440380572744,462e8277ac13c7ab3deb032c7a97bb64cd71abb8a847bdd0bdf7d063ca1fc2a6
forward_32_twist,forward_32,forward,32,twist,quadratic,0.0004000000000001018,0.0004,2.5451645999097217e-13,5.090329199819443e-13,2.966293983779618e-13,0.00039999994302130986,1.4244697991144822e-07,8.195638646901759e-10,0.10961900624716038,462e8277ac13c7ab3deb032c7a97bb64cd71abb8a847bdd0bdf7d063ca1fc2a6
forward_32_dome,forward_32,forward,32,dome,quadratic,0.00040000000000012953,0.0004,3.2376987375848376e-13,6.475397475169675e-13,4.1123015132272414e-13,0.0003999997418388413,6.454032206130124e-07,8.940696724635266e-10,0.571309809087237,462e8277ac13c7ab3deb032c7a97bb64cd71abb8a847bdd0bdf7d063ca1fc2a6
forward_32_saddle,forward_32,forward,32,saddle,quadratic,0.0004000000000000008,0.0004,1.8973538018496328e-15,3.7947076036992655e-15,1.6483045295456063e-13,0.00039999993006266556,1.7484333804992196e-07,4.470348362317633e-10,0.5713294556898231,462e8277ac13c7ab3deb032c7a97bb64cd71abb8a847bdd0bdf7d063ca1fc2a6
forward_32_quartic,forward_32,forward,32,quartic,general,2.857964022301996e-05,2.88e-05,0.007651381145140257,0.001101798884900197,0.028868065393363233,2.8579666899898212e-05,9.334224659407023e-07,9.499490256914545e-11,0.23142830498268335,462e8277ac13c7ab3deb032c7a97bb64cd71abb8a847bdd0bdf7d063ca1fc2a6
forward_32_sine,forward_32,forward,32,sine,general,4.859527187401533e-05,4.8704545517001214e-05,0.0022436025595955833,0.0005463682149294176,0.058790897754953705,4.8595272226319494e-05,7.249762177384913e-09,4.749745128457272e-11,0.0589414927234367,462e8277ac13c7ab3deb032c7a97bb64cd71abb8a847bdd0bdf7d063ca1fc2a6
backward_4_cylinder_000,backward_4,backward,4,cylinder_000,quadratic,0.0002000000000000001,0.0002,4.0657581468206416e-16,4.0657581468206416e-16,2.889817549991876e-15,0.0001999999351799752,3.241001244507281e-07,2.2351741811588166e-10,0.13527937834009157,90e2bab16198e77046f52c2b91d1ba2a58085af42955cbfcd1f4407c0473ecde
backward_4_cylinder_015,backward_4,backward,4,cylinder_015,quadratic,0.00019999999999999998,0.00020000000000000004,2.7105054312137606e-16,2.710505431213761e-16,3.5591964599956405e-15,0.0001999999749645482,1.2517725896631082e-07,4.624100633648931e-10,0.12761249538972205,90e2bab16198e77046f52c2b91d1ba2a58085af42955cbfcd1f4407c0473ecde
backward_4_cylinder_030,backward_4,backward,4,cylinder_030,quadratic,0.0002000000000000001,0.00019999999999999998,5.421010862427522e-16,5.421010862427522e-16,4.6912314221181744e-15,0.00020000001893949568,9.469747794081658e-08,7.386334287262653e-10,0.11344464538679623,90e2bab16198e77046f52c2b91d1ba2a58085af42955cbfcd1f4407c0473ecde
backward_4_cylinder_045,backward_4,backward,4,cylinder_045,quadratic,0.00020000000000000006,0.0002,2.710505431213761e-16,2.710505431213761e-16,4.0679664283421745e-15,0.00020000000149515498,7.475774556689461e-09,4.470348362317633e-10,0.1058758418032698,90e2bab16198e77046f52c2b91d1ba2a58085af42955cbfcd1f4407c0473ecde
backward_4_cylinder_060,backward_4,backward,4,cylinder_060,quadratic,0.00020000000000000015,0.00020000000000000004,5.421010862427521e-16,5.421010862427522e-16,4.557818812318424e-15,0.0002000000189394958,9.46974782118671e-08,7.386334252568183e-10,0.1134446453867961,90e2bab16198e77046f52c2b91d1ba2a58085af42955cbfcd1f4407c0473ecde
backward_4_cylinder_075,backward_4,backward,4,cylinder_075,quadratic,0.00020000000000000025,0.00020000000000000004,1.0842021724855042e-15,1.0842021724855044e-15,4.484268573803593e-15,0.00019999997496454851,1.2517725869526012e-07,4.624100616301696e-10,0.12761249538972225,90e2bab16198e77046f52c2b91d1ba2a58085af42955cbfcd1f4407c0473ecde
backward_4_cylinder_090,backward_4,backward,4,cylinder_090,quadratic,0.0002000000000000002,0.0002,9.486769009248164e-16,9.486769009248164e-16,3.354187384533666e-15,0.0001999999351799753,3.2410012445072796e-07,2.2351741985060514e-10,0.13527937834009163,90e2bab16198e77046f52c2b91d1ba2a58085af42955cbfcd1f4407c0473ecde
backward_4_cylinder_105,backward_4,backward,4,cylinder_105,quadratic,0.0002000000000000001,0.00020000000000000006,1.35525271560688e-16,1.3552527156068805e-16,2.9457081674827857e-15,0.00020000000959003464,4.795017274948977e-08,3.6931671262840915e-10,0.13136353204379225,90e2bab16198e77046f52c2b91d1ba2a58085af42955cbfcd1f4407c0473ecde
backward_4_cylinder_120,backward_4,backward,4,cylinder_120,quadratic,0.00019999999999999998,0.00019999999999999993,2.710505431213762e-16,2.710505431213761e-16,2.4699704385506835e-15,0.0001999999799313292,1.0034335396012091e-07,1.6763806402059211e-10,0.12063271201699097,90e2bab16198e77046f52c2b91d1ba2a58085af42955cbfcd1f4407c0473ecde
backward_4_cylinder_135,backward_4,backward,4,cylinder_135,quadratic,0.00020000000000000012,0.0002,5.421010862427522e-16,5.421010862427522e-16,2.0579016113984412e-15,0.00019999997833678265,1.0831608735482362e-07,1.1175870992530257e-10,0.11468457184995799,90e2bab16198e77046f52c2b91d1ba2a58085af42955cbfcd1f4407c0473ecde
backward_4_cylinder_150,backward_4,backward,4,cylinder_150,quadratic,0.00020000000000000012,0.00019999999999999998,6.776263578034404e-16,6.776263578034403e-16,2.052653432780542e-15,0.0001999999799313293,1.0034335409564611e-07,1.6763806402059211e-10,0.12063271201699098,90e2bab16198e77046f52c2b91d1ba2a58085af42955cbfcd1f4407c0473ecde
backward_4_cylinder_165,backward_4,backward,4,cylinder_165,quadratic,0.00020000000000000006,0.00019999999999999996,5.421010862427523e-16,5.421010862427522e-16,2.48323306781904e-15,0.0002000000095900347,4.795017315606559e-08,3.693167160978561e-10,0.13136353204379217,90e2bab16198e77046f52c2b91d1ba2a58085af42955cbfcd1f4407c0473ecde
backward_4_twist,backward_4,backward,4,twist,quadratic,0.0004000000000000001,0.0004,1.3552527156068805e-16,2.710505431213761e-16,2.822708662424095e-15,0.00039999997812726685,5.4681833063299754e-08,4.470348362317633e-10,0.10961900624714802,90e2bab16198e77046f52c2b91d1ba2a58085af42955cbfcd1f4407c0473ecde
backward_4_dome,backward_4,backward,4,dome,quadratic,0.0004000000000000005,0.0004,1.2197274440461925e-15,2.439454888092385e-15,4.02447901763319e-15,0.0003999999234121157,1.9146971199290503e-07,4.470348362317633e-10,0.19159374537104845,90e2bab16198e77046f52c2b91d1ba2a58085af42955cbfcd1f4407c0473ecde
backward_4_saddle,backward_4,backward,4,saddle,quadratic,0.0004,0.0004,0.0,0.0,2.9370751771821534e-15,0.00040000000490283136,1.2257078354669868e-08,3.725290301931361e-10,0.1910337078921426,90e2bab16198e77046f52c2b91d1ba2a58085af42955cbfcd1f4407c0473ecde
backward_4_quartic,backward_4,backward,4,quartic,general,2.0415188536352038e-05,2.88e-05,0.2911392869322209,0.0419240573182398,0.2910077503436575,2.0415191513752658e-05,1.4584242585512343e-07,9.499490256914545e-11,0.05412247392195485,90e2bab16198e77046f52c2b91d1ba2a58085af42955cbfcd1f4407c0473ecde
backward_4_sine,backward_4,backward,4,sine,general,3.6293224569538556e-05,4.8704545517001214e-05,0.25482880120768725,0.06205660473731329,0.470248611287519,3.629322664256409e-05,5.711880273678643e-08,4.749745128457272e-11,0.07117731137315245,90e2bab16198e77046f52c2b91d1ba2a58085af42955cbfcd1f4407c0473ecde
backward_8_cylinder_000,backward_8,backward,8,cylinder_000,quadratic,0.00020000000000000063,0.0002,3.1170812458958252e-15,3.1170812458958252e-15,8.820242137284619e-15,0.00019999991655357633,4.1723212151943904e-07,2.2351741811588166e-10,0.19596699013989483,5e87847dde3bce4822c995307417d49c7eb78e7a90b90209c73802deb6966478
backward_8_cylinder_015,backward_8,backward,8,cylinder_015,quadratic,0.0002000000000000009,0.00020000000000000004,4.336808689942017e-15,4.336808689942018e-15,1.281885612498251e-14,0.00020000002827458358,1.4137291340300783e-07,4.624100633648931e-10,0.18415814382963178,5e87847dde3bce4822c995307417d49c7eb78e7a90b90209c73802deb6966478
backward_8_cylinder_030,backward_8,backward,8,cylinder_030,quadratic,0.0002000000000000007,0.00019999999999999998,3.52365706057789e-15,3.5236570605778894e-15,1.3398059218688684e-14,0.00020000006033428887,3.01671440920084e-07,7.386334287262653e-10,0.15966492545693522,5e87847dde3bce4822c995307417d49c7eb78e7a90b90209c73802deb6966478
backward_8_cylinder_045,backward_8,backward,8,cylinder_045,quadratic,0.0002000000000000003,0.0002,1.4907779871675686e-15,1.4907779871675686e-15,1.558977334965454e-14,0.00019999998986422248,5.0678889118018895e-08,4.470348362317633e-10,0.14603169211524153,5e87847dde3bce4822c995307417d49c7eb78e7a90b90209c73802deb6966478
backward_8_cylinder_060,backward_8,backward,8,cylinder_060,quadratic,0.00020000000000000025,0.00020000000000000004,1.0842021724855042e-15,1.0842021724855044e-15,1.521998360278642e-14,0.00020000006033428846,3.0167144105560995e-07,7.386334252568183e-10,0.1596649254569351,5e87847dde3bce4822c995307417d49c7eb78e7a90b90209c73802deb6966478
backward_8_cylinder_075,backward_8,backward,8,cylinder_075,quadratic,0.00019999999999999998,0.00020000000000000004,2.7105054312137606e-16,2.710505431213761e-16,1.3730069368639103e-14,0.00020000002827458285,1.4137291435168536e-07,4.624100616301696e-10,0.18415814382963158,5e87847dde3bce4822c995307417d49c7eb78e7a90b90209c73802deb6966478
backward_8_cylinder_090,backward_8,backward,8,cylinder_090,quadratic,0.00020000000000000015,0.0002,6.776263578034403e-16,6.776263578034403e-16,1.1163059529593362e-14,0.000199999916553576,4.172321207062884e-07,2.2351741985060514e-10,0.19596699013989452,5e87847dde3bce4822c995307417d49c7eb78e7a90b90209c73802deb6966478
backward_8_cylinder_105,backward_8,backward,8,cylinder_105,quadratic,0.0002000000000000002,0.00020000000000000006,6.776263578034401e-16,6.776263578034403e-16,8.494086501153718e-15,0.0002000000124829759,6.241487849559934e-08,4.031273492105525e-10,0.1865255289744099,5e87847dde3bce4822c995307417d49c7eb78e7a90b90209c73802deb6966478
backward_8_cylinder_120,backward_8,backward,8,cylinder_120,quadratic,0.00020000000000000023,0.00019999999999999993,1.4907779871675692e-15,1.4907779871675686e-15,5.55664951129041e-15,0.00019999998868387123,5.6580644981546055e-08,2.3120502994772307e-10,0.16435586808735964,5e87847dde3bce4822c995307417d49c7eb78e7a90b90209c73802deb6966478
backward_8_cylinder_135,backward_8,backward,8,cylinder_135,quadratic,0.00020000000000000042,0.0002,2.032879073410321e-15,2.032879073410321e-15,4.920848536848594e-15,0.00019999998575828752,7.120856448982248e-08,1.1175870992530257e-10,0.15192220753680927,5e87847dde3bce4822c995307417d49c7eb78e7a90b90209c73802deb6966478
backward_8_cylinder_150,backward_8,backward,8,cylinder_150,quadratic,0.00020000000000000015,0.00019999999999999998,8.131516293641284e-16,8.131516293641283e-16,5.47836452329679e-15,0.00019999998868387118,5.658064484602081e-08,2.3120502994772307e-10,0.16435586808735947,5e87847dde3bce4822c995307417d49c7eb78e7a90b90209c73802deb6966478
backward_8_cylinder_165,backward_8,backward,8,cylinder_165,quadratic,0.00020000000000000042,0.00019999999999999996,2.3039296165316973e-15,2.303929616531697e-15,7.48843982339651e-15,0.000200000012482976,6.241487795349818e-08,4.0312735267999944e-10,0.18652552897441027,5e87847dde3bce4822c995307417d49c7eb78e7a90b90209c73802deb6966478
backward_8_twist,backward_8,backward,8,twist,quadratic,0.0003999999999999996,0.0004,1.0842021724855044e-15,2.168404344971009e-15,9.139680286537838e-15,0.0003999999977526654,5.618335522294618e-09,4.470348362317633e-10,0.10961900624714792,5e87847dde3bce4822c995307417d49c7eb78e7a90b90209c73802deb6966478
backward_8_dome,backward_8,backward,8,dome,quadratic,0.0004000000000000017,0.0004,4.20128341838133e-15,8.40256683676266e-15,1.406157135109677e-14,0.0004000000335499705,8.387492198176602e-08,4.470348362317633e-10,0.27711892385613657,5e87847dde3bce4822c995307417d49c7eb78e7a90b90209c73802deb6966478
backward_8_saddle,backward_8,backward,8,saddle,quadratic,0.00039999999999999937,0.0004,1.6263032587282567e-15,3.2526065174565133e-15,7.858167115866646e-15,0.00039999998199419825,4.501450278607447e-08,3.725290301931361e-10,0.27715942513069053,5e87847dde3bce4822c995307417d49c7eb78e7a90b90209c73802deb6966478
backward_8_quartic,backward_8,backward,8,quartic,general,2.6146726491499923e-05,2.88e-05,0.09212755237847484,0.013266367542500376,0.13567608029375147,2.6146731832691625e-05,2.0427764461122393e-07,9.499490256914545e-11,0.09848827916593009,5e87847dde3bce4822c995307417d49c7eb78e7a90b90209c73802deb6966478
backward_8_sine,backward_8,backward,8,sine,general,4.585668505812034e-05,4.8704545517001214e-05,0.05847216986937646,0.014239302294404363,0.2367935877733713,4.585668589907182e-05,1.8338688896070993e-08,4.749745128457272e-11,0.07020740982223721,5e87847dde3bce4822c995307417d49c7eb78e7a90b90209c73802deb6966478
backward_16_cylinder_000,backward_16,backward,16,cylinder_000,quadratic,0.00020000000000000397,0.0002,1.9786689647860456e-14,1.9786689647860456e-14,4.090166341909682e-14,0.00019999991655370546,4.172314925466468e-07,2.2351741811588166e-10,0.2828481239543459,8c0e932af7bf931f896fcc2fe30027a04d8817253b260c2412abb68b11f0671c
backward_16_cylinder_015,backward_16,backward,16,cylinder_015,quadratic,0.00020000000000000605,0.00020000000000000004,3.008661028647274e-14,3.008661028647275e-14,5.927434956004871e-14,0.00019999996865686223,1.5671571909646858e-07,4.624100633648931e-10,0.26516828984397245,8c0e932af7bf931f896fcc2fe30027a04d8817253b260c2412abb68b11f0671c
backward_16_cylinder_030,backward_16,backward,16,cylinder_030,quadratic,0.00020000000000000714,0.00019999999999999998,3.5778671692021646e-14,3.5778671692021646e-14,7.329660054133513e-14,0.00020000004192798727,2.0963990065387142e-07,8.529163486592495e-10,0.22692044513699217,8c0e932af7bf931f896fcc2fe30027a04d8817253b260c2412abb68b11f0671c
backward_16_cylinder_045,backward_16,backward,16,cylinder_045,quadratic,0.0002000000000000064,0.0002,3.198396408832238e-14,3.198396408832238e-14,7.665148576316475e-14,0.0001999999809787449,9.51063075407617e-08,6.705522526129215e-10,0.20524437897794862,8c0e932af7bf931f896fcc2fe30027a04d8817253b260c2412abb68b11f0671c
backward_16_cylinder_060,backward_16,backward,16,cylinder_060,quadratic,0.0002000000000000047,0.00020000000000000004,2.3310346708438342e-14,2.3310346708438345e-14,7.755694978248596e-14,0.00020000004192798464,2.096398997051971e-07,8.529163486592495e-10,0.2269204451369943,8c0e932af7bf931f896fcc2fe30027a04d8817253b260c2412abb68b11f0671c
backward_16_cylinder_075,backward_16,backward,16,cylinder_075,quadratic,0.00020000000000000204,0.00020000000000000004,1.0028870095490914e-14,1.0028870095490916e-14,6.558038314373976e-14,0.00019999996865685833,1.5671571855437064e-07,4.624100616301696e-10,0.26516828984396834,8c0e932af7bf931f896fcc2fe30027a04d8817253b260c2412abb68b11f0671c
backward_16_cylinder_090,backward_16,backward,16,cylinder_090,quadratic,0.00020000000000000155,0.0002,7.724940478959219e-15,7.724940478959219e-15,5.1012493626369475e-14,0.0001999999165537031,4.172314922756013e-07,2.2351741985060514e-10,0.28284812395434716,8c0e932af7bf931f896fcc2fe30027a04d8817253b260c2412abb68b11f0671c
backward_16_cylinder_105,backward_16,backward,16,cylinder_105,quadratic,0.00020000000000000074,0.00020000000000000006,3.3881317890172e-15,3.3881317890172014e-15,3.693752450553847e-14,0.00020000002055974578,1.0279872520715553e-07,4.6401709558052673e-10,0.2668178647676764,8c0e932af7bf931f896fcc2fe30027a04d8817253b260c2412abb68b11f0671c
backward_16_cylinder_120,backward_16,backward,16,cylinder_120,quadratic,0.0002000000000000015,0.00019999999999999993,7.86046575051991e-15,7.860465750519907e-15,2.452560795234632e-14,0.00019999997279846068,1.3600770412246812e-07,2.3120502994772307e-10,0.23024519837502003,8c0e932af7bf931f896fcc2fe30027a04d8817253b260c2412abb68b11f0671c
backward_16_cylinder_135,backward_16,backward,16,cylinder_135,quadratic,0.000200000000000001,0.0002,5.014435047745458e-15,5.014435047745458e-15,1.75245106067018e-14,0.00019999998973419284,5.132904084409447e-08,1.1175870992530257e-10,0.20947638803181756,8c0e932af7bf931f896fcc2fe30027a04d8817253b260c2412abb68b11f0671c
backward_16_cylinder_150,backward_16,backward,16,cylinder_150,quadratic,0.00020000000000000185,0.00019999999999999998,9.351243737687477e-15,9.351243737687476e-15,2.2719122159203737e-14,0.0001999999727984608,1.3600770520667005e-07,2.3120502994772307e-10,0.23024519837502389,8c0e932af7bf931f896fcc2fe30027a04d8817253b260c2412abb68b11f0671c
backward_16_cylinder_165,backward_16,backward,16,cylinder_165,quadratic,0.00020000000000000183,0.00019999999999999996,9.351243737687477e-15,9.351243737687476e-15,2.8106253046921815e-14,0.0002000000205597466,1.0279872385190226e-07,4.640170990499737e-10,0.26681786476768127,8c0e932af7bf931f896fcc2fe30027a04d8817253b260c2412abb68b11f0671c
backward_16_twist,backward_16,backward,16,twist,quadratic,0.0004000000000000046,0.0004,1.1519648082658485e-14,2.303929616531697e-14,4.7065882612620624e-14,0.0004000000332735915,8.31839671200798e-08,7.450580603862722e-10,0.10961900624714797,8c0e932af7bf931f896fcc2fe30027a04d8817253b260c2412abb68b11f0671c
backward_16_dome,backward_16,backward,16,dome,quadratic,0.00040000000000001135,0.0004,2.8324781756183803e-14,5.6649563512367607e-14,6.603603575467325e-14,0.0003999999196505951,2.0087354062015478e-07,4.470348362317633e-10,0.399993622398147,8c0e932af7bf931f896fcc2fe30027a04d8817253b260c2412abb68b11f0671c
backward_16_saddle,backward_16,backward,16,saddle,quadratic,0.00040000000000000116,0.0004,2.846030702774449e-15,5.692061405548898e-15,2.995012294066895e-14,0.00039999993062106817,1.734473324785808e-07,3.725290301931361e-10,0.4000216830857824,8c0e932af7bf931f896fcc2fe30027a04d8817253b260c2412abb68b11f0671c
backward_16_quartic,backward_16,backward,16,quartic,general,2.8062773857798056e-05,2.88e-05,0.025598129937567448,0.003686130711009712,0.0648986861608528,2.806278600363217e-05,4.328094640316335e-07,9.499490256914545e-11,0.15585903731855438,8c0e932af7bf931f896fcc2fe30027a04d8817253b260c2412abb68b11f0671c
backward_16_sine,backward_16,backward,16,sine,general,4.815678266808513e-05,4.8704545517001214e-05,0.011246647373495674,0.002738814244580411,0.11791904604579768,4.81567830838844e-05,8.634282620312155e-09,4.749745128457272e-11,0.06336545875012448,8c0e932af7bf931f896fcc2fe30027a04d8817253b260c2412abb68b11f0671c
backward_32_cylinder_000,backward_32,backward,32,cylinder_000,quadratic,0.00020000000000001928,0.0002,9.635846807964921e-14,9.635846807964921e-14,1.849556656738042e-13,0.00020000021461975072,1.0730986571885244e-06,3.3527612630646075e-10,0.4039839863466379,11fa4f7138dc8a902d64e51d973b442369aa5276f1eb6de3cc3b7efc2bf4a5fa
backward_32_cylinder_015,backward_32,backward,32,cylinder_015,quadratic,0.00020000000000002546,0.00020000000000000004,1.2712270472392537e-13,1.271227047239254e-13,2.406482231836894e-13,0.00019999999065326195,4.673381758076989e-08,4.654702439460534e-10,0.3783044038057401,11fa4f7138dc8a902d64e51d973b442369aa5276f1eb6de3cc3b7efc2bf4a5fa
backward_32_cylinder_030,backward_32,backward,32,cylinder_030,quadratic,0.00020000000000002988,0.00019999999999999998,1.4948437453143895e-13,1.4948437453143892e-13,2.6082611075585387e-13,0.00020000008010580885,4.0052889485407784e-07,8.943748137923979e-10,0.32170310601733143,11fa4f7138dc8a902d64e51d973b442369aa5276f1eb6de3cc3b7efc2bf4a5fa
backward_32_cylinder_045,backward_32,backward,32,cylinder_045,quadratic,0.00020000000000002966,0.0002,1.4826464708739273e-13,1.4826464708739273e-13,2.5734062899011107e-13,0.00019999998855042256,5.724803552215591e-08,8.195638681596229e-10,0.28935316673929634,11fa4f7138dc8a902d64e51d973b442369aa5276f1eb6de3cc3b7efc2bf4a5fa
backward_32_cylinder_060,backward_32,backward,32,cylinder_060,quadratic,0.00020000000000002622,0.00020000000000000004,1.3091741232762464e-13,1.3091741232762466e-13,2.323880903562165e-13,0.0002000000801058064,4.0052890095272236e-07,8.943748172618449e-10,0.3217031060172857,11fa4f7138dc8a902d64e51d973b442369aa5276f1eb6de3cc3b7efc2bf4a5fa
backward_32_cylinder_075,backward_32,backward,32,cylinder_075,quadratic,0.00020000000000002156,0.00020000000000000004,1.0760706561918629e-13,1.0760706561918632e-13,1.963091124454295e-13,0.0001999999906532589,4.6733813243962115e-08,4.654702439460534e-10,0.3783044038057295,11fa4f7138dc8a902d64e51d973b442369aa5276f1eb6de3cc3b7efc2bf4a5fa
backward_32_cylinder_090,backward_32,backward,32,cylinder_090,quadratic,0.0002000000000000155,0.0002,7.738493006115288e-14,7.738493006115288e-14,1.4236545998858935e-13,0.0002000002146197461,1.0730986531227868e-06,3.3527612804118423e-10,0.4039839863466376,11fa4f7138dc8a902d64e51d973b442369aa5276f1eb6de3cc3b7efc2bf4a5fa
backward_32_cylinder_105,backward_32,backward,32,cylinder_105,quadratic,0.00020000000000000898,0.00020000000000000006,4.458781434346636e-14,4.458781434346637e-14,1.0528385150257887e-13,0.00020000005285152192,2.642575646694872e-07,4.6401709558052673e-10,0.3794624789873294,11fa4f7138dc8a902d64e51d973b442369aa5276f1eb6de3cc3b7efc2bf4a5fa
backward_32_cylinder_120,backward_32,backward,32,cylinder_120,quadratic,0.00020000000000000464,0.00019999999999999993,2.358139725155973e-14,2.358139725155972e-14,7.885060930971416e-14,0.00019999995378406282,2.3107970913279434e-07,2.3120502994772307e-10,0.32405686441540754,11fa4f7138dc8a902d64e51d973b442369aa5276f1eb6de3cc3b7efc2bf4a5fa
backward_32_cylinder_135,backward_32,backward,32,cylinder_135,quadratic,0.00020000000000000454,0.0002,2.2632720350634905e-14,2.2632720350634905e-14,7.711108076556192e-14,0.00019999999922514427,3.874301324636227e-09,1.6763806402059211e-10,0.2923702398379034,11fa4f7138dc8a902d64e51d973b442369aa5276f1eb6de3cc3b7efc2bf4a5fa
backward_32_cylinder_150,backward_32,backward,32,cylinder_150,quadratic,0.00020000000000000643,0.00019999999999999998,3.225501463144376e-14,3.225501463144376e-14,1.0114806823777744e-13,0.0001999999537840643,2.3107971062357026e-07,2.3120502994772307e-10,0.3240568644154067,11fa4f7138dc8a902d64e51d973b442369aa5276f1eb6de3cc3b7efc2bf4a5fa
backward_32_cylinder_165,backward_32,backward,32,cylinder_165,quadratic,0.00020000000000001215,0.00019999999999999996,6.098637220230964e-14,6.098637220230962e-14,1.4530280942730224e-13,0.00020000005285152463,2.642575623655534e-07,4.640170990499737e-10,0.37946247898732977,11fa4f7138dc8a902d64e51d973b442369aa5276f1eb6de3cc3b7efc2bf4a5fa
backward_32_twist,backward_32,backward,32,twist,quadratic,0.0004000000000000053,0.0004,1.3145951341386741e-14,2.6291902682773483e-14,1.4515243541252754e-13,0.00040000000051995167,1.2998659765748983e-09,8.195638646901759e-10,0.10961900624714788,11fa4f7138dc8a902d64e51d973b442369aa5276f1eb6de3cc3b7efc2bf4a5fa
backward_32_dome,backward_32,backward,32,dome,quadratic,0.0004000000000000648,0.0004,1.6195269951502222e-13,3.2390539903004445e-13,2.218647417078984e-13,0.0003999997623061913,5.942346837033925e-07,8.940696724635266e-10,0.5713098090872085,11fa4f7138dc8a902d64e51d973b442369aa5276f1eb6de3cc3b7efc2bf4a5fa
backward_32_saddle,backward_32,backward,32,saddle,quadratic,0.00040000000000000566,0.0004,1.4094628242311558e-14,2.8189256484623115e-14,1.1504116227142077e-13,0.00039999992977841144,1.7555398554671483e-07,4.470348362317633e-10,0.5713294556898186,11fa4f7138dc8a902d64e51d973b442369aa5276f1eb6de3cc3b7efc2bf4a5fa
backward_32_quartic,backward_32,backward,32,quartic,general,2.860612512117693e-05,2.88e-05,0.006731766625801044,0.0009693743941153502,0.03158225359468583,2.8606151899705884e-05,9.361117188036923e-07,9.499490256914545e-11,0.2324722612858389,11fa4f7138dc8a902d64e51d973b442369aa5276f1eb6de3cc3b7efc2bf4a5fa
backward_32_sine,backward_32,backward,32,sine,general,4.8595271874016116e-05,4.8704545517001214e-05,0.0022436025595794443,0.0005463682149254873,0.05879089775495713,4.859527222632015e-05,7.249759527970501e-09,4.749745128457272e-11,0.05894149272343665,11fa4f7138dc8a902d64e51d973b442369aa5276f1eb6de3cc3b7efc2bf4a5fa
checkerboard_4_cylinder_000,checkerboard_4,checkerboard,4,cylinder_000,quadratic,0.00020000000000000004,0.0002,1.3552527156068805e-16,1.3552527156068805e-16,3.428497710505444e-15,0.00019999992320582978,3.8397085126229755e-07,2.2351741811588166e-10,0.3089541277620751,6b76aace04e996ed1918ff7d456b25d087ff3ec400ae178b6a4ba0805a623136
checkerboard_4_cylinder_015,checkerboard_4,checkerboard,4,cylinder_015,quadratic,0.0002000000000000003,0.00020000000000000004,1.3552527156068803e-15,1.3552527156068805e-15,4.765690474433489e-15,0.0001999999310867389,3.4456630704595685e-07,4.624100633648931e-10,0.30295680637776184,6b76aace04e996ed1918ff7d456b25d087ff3ec400ae178b6a4ba0805a623136
checkerboard_4_cylinder_030,checkerboard_4,checkerboard,4,cylinder_030,quadratic,0.0002000000000000003,0.00019999999999999998,1.6263032587282568e-15,1.6263032587282567e-15,5.632466286885497e-15,0.00020000001404444417,7.022221928834431e-08,7.386334287262653e-10,0.2905910760319181,6b76aace04e996ed1918ff7d456b25d087ff3ec400ae178b6a4ba0805a623136
checkerboard_4_cylinder_045,checkerboard_4,checkerboard,4,cylinder_045,quadratic,0.00020000000000000052,0.0002,2.574980159653073e-15,2.574980159653073e-15,5.116680770032254e-15,0.00020000002359744386,1.1798721667646114e-07,4.470348362317633e-10,0.28420652163308296,6b76aace04e996ed1918ff7d456b25d087ff3ec400ae178b6a4ba0805a623136
checkerboard_4_cylinder_060,checkerboard_4,checkerboard,4,cylinder_060,quadratic,0.00020000000000000066,0.00020000000000000004,3.117081245895825e-15,3.1170812458958252e-15,5.486722902235412e-15,0.0002000000140444446,7.022221969492e-08,7.386334252568183e-10,0.2905910760319188,6b76aace04e996ed1918ff7d456b25d087ff3ec400ae178b6a4ba0805a623136
checkerboard_4_cylinder_075,checkerboard_4,checkerboard,4,cylinder_075,quadratic,0.00020000000000000058,0.00020000000000000004,2.7105054312137607e-15,2.710505431213761e-15,4.1476536361979346e-15,0.00019999993108673925,3.4456630663938056e-07,4.624100616301696e-10,0.3029568063777621,6b76aace04e996ed1918ff7d456b25d087ff3ec400ae178b6a4ba0805a623136
checkerboard_4_cylinder_090,checkerboard_4,checkerboard,4,cylinder_090,quadratic,0.0002000000000000005,0.0002,2.439454888092385e-15,2.439454888092385e-15,3.796680250578769e-15,0.00019999992320583022,3.839708513978219e-07,2.2351741985060514e-10,0.3089541277620758,6b76aace04e996ed1918ff7d456b25d087ff3ec400ae178b6a4ba0805a623136
checkerboard_4_cylinder_105,checkerboard_4,checkerboard,4,cylinder_105,quadratic,0.00020000000000000033,0.00020000000000000006,1.3552527156068801e-15,1.3552527156068805e-15,2.813648254164377e-15,0.00019999999886093265,5.695338406615226e-09,3.6931671262840915e-10,0.3029568063777619,6b76aace04e996ed1918ff7d456b25d087ff3ec400ae178b6a4ba0805a623136
checkerboard_4_cylinder_120,checkerboard_4,checkerboard,4,cylinder_120,quadratic,0.00020000000000000015,0.00019999999999999993,1.0842021724855048e-15,1.0842021724855044e-15,2.1603690715820576e-15,0.00020000000877584993,4.387924892141831e-08,1.6763806402059211e-10,0.290591076031918,6b76aace04e996ed1918ff7d456b25d087ff3ec400ae178b6a4ba0805a623136
checkerboard_4_cylinder_135,checkerboard_4,checkerboard,4,cylinder_135,quadratic,0.00020000000000000006,0.0002,2.710505431213761e-16,2.710505431213761e-16,1.7616366994611518e-15,0.00020000001286223776,6.431118848180745e-08,1.1175870992530257e-10,0.2842065216330822,6b76aace04e996ed1918ff7d456b25d087ff3ec400ae178b6a4ba0805a623136
checkerboard_4_cylinder_150,checkerboard_4,checkerboard,4,cylinder_150,quadratic,0.00020000000000000012,0.00019999999999999998,6.776263578034404e-16,6.776263578034403e-16,2.0139679161792325e-15,0.00020000000877584982,4.38792485148425e-08,1.6763806402059211e-10,0.29059107603191786,6b76aace04e996ed1918ff7d456b25d087ff3ec400ae178b6a4ba0805a623136
checkerboard_4_cylinder_165,checkerboard_4,checkerboard,4,cylinder_165,quadratic,0.00020000000000000004,0.00019999999999999996,4.0657581468206426e-16,4.0657581468206416e-16,2.6756008563267455e-15,0.0001999999988609324,5.695338135564692e-09,3.693167160978561e-10,0.30295680637776135,6b76aace04e996ed1918ff7d456b25d087ff3ec400ae178b6a4ba0805a623136
checkerboard_4_twist,checkerboard_4,checkerboard,4,twist,quadratic,0.0004000000000000003,0.0004,6.776263578034403e-16,1.3552527156068805e-15,3.4787354814442286e-15,0.00039999998690837686,3.272905858549104e-08,4.470348362317633e-10,0.08131169557163785,6b76aace04e996ed1918ff7d456b25d087ff3ec400ae178b6a4ba0805a623136
checkerboard_4_dome,checkerboard_4,checkerboard,4,dome,quadratic,0.00040000000000000116,0.0004,2.846030702774449e-15,5.692061405548898e-15,4.834326063197268e-15,0.00039999985974958126,3.5062604973297686e-07,4.470348362317633e-10,0.5625671479195787,6b76aace04e996ed1918ff7d456b25d087ff3ec400ae178b6a4ba0805a623136
checkerboard_4_saddle,checkerboard_4,checkerboard,4,saddle,quadratic,0.00039999999999999996,0.0004,1.3552527156068805e-16,2.710505431213761e-16,2.4994093658322493e-15,0.0004000000062997981,1.574949534937503e-08,3.725290301931361e-10,0.2555950240644967,6b76aace04e996ed1918ff7d456b25d087ff3ec400ae178b6a4ba0805a623136
checkerboard_4_quartic,checkerboard_4,checkerboard,4,quartic,general,2.0830961415816352e-05,2.88e-05,0.27670272861748774,0.03984519292091823,0.3096344487072279,2.0830962802015586e-05,6.65451395195281e-08,9.499490256914545e-11,0.11822574426942371,6b76aace04e996ed1918ff7d456b25d087ff3ec400ae178b6a4ba0805a623136
checkerboard_4_sine,checkerboard_4,checkerboard,4,sine,general,5.035480119339383e-05,4.8704545517001214e-05,0.03388299097907734,0.00825127838196307,0.36385717308183113,5.035481129037884e-05,2.005168279804576e-07,4.749745128457272e-11,0.192555266167718,6b76aace04e996ed1918ff7d456b25d087ff3ec400ae178b6a4ba0805a623136
checkerboard_8_cylinder_000,checkerboard_8,checkerboard,8,cylinder_000,quadratic,0.00019999999999999939,0.0002,3.1170812458958252e-15,3.1170812458958252e-15,1.2460073997124412e-14,0.00019999991455788463,4.2721057377445714e-07,2.2351741811588166e-10,0.6051265342463341,3d106515af799b7003ce5aee6dbedc3a50767971d45fe79f21e667802d89eb4d
checkerboard_8_cylinder_015,checkerboard_8,checkerboard,8,cylinder_015,quadratic,0.00020000000000000025,0.00020000000000000004,1.0842021724855042e-15,1.0842021724855044e-15,1.6977660433414304e-14,0.00019999999998899105,5.5046028499261475e-11,4.624100633648931e-10,0.5989363872051605,3d106515af799b7003ce5aee6dbedc3a50767971d45fe79f21e667802d89eb4d
checkerboard_8_cylinder_030,checkerboard_8,checkerboard,8,cylinder_030,quadratic,0.00020000000000000112,0.00019999999999999998,5.692061405548899e-15,5.692061405548898e-15,1.8504801820974837e-14,0.00019999998351692873,8.241536196985181e-08,7.386334287262653e-10,0.5863600795220845,3d106515af799b7003ce5aee6dbedc3a50767971d45fe79f21e667802d89eb4d
checkerboard_8_cylinder_045,checkerboard_8,checkerboard,8,cylinder_045,quadratic,0.0002000000000000016,0.0002,7.995991022080595e-15,7.995991022080595e-15,1.9402573827544816e-14,0.00020000011148505655,5.574252746941331e-07,4.470348362317633e-10,0.5799696684539041,3d106515af799b7003ce5aee6dbedc3a50767971d45fe79f21e667802d89eb4d
checkerboard_8_cylinder_060,checkerboard_8,checkerboard,8,cylinder_060,quadratic,0.00020000000000000229,0.00020000000000000004,1.1248597539537107e-14,1.1248597539537109e-14,1.8418121946756893e-14,0.00019999998351692987,8.24153621053766e-08,7.386334252568183e-10,0.5863600795220847,3d106515af799b7003ce5aee6dbedc3a50767971d45fe79f21e667802d89eb4d
checkerboard_8_cylinder_075,checkerboard_8,checkerboard,8,cylinder_075,quadratic,0.00020000000000000188,0.00020000000000000004,9.215718466126786e-15,9.215718466126788e-15,1.5857125257182193e-14,0.0001999999999889929,5.504494429708854e-11,4.624100616301696e-10,0.5989363872051606,3d106515af799b7003ce5aee6dbedc3a50767971d45fe79f21e667802d89eb4d
checkerboard_8_cylinder_090,checkerboard_8,checkerboard,8,cylinder_090,quadratic,0.00020000000000000085,0.0002,4.20128341838133e-15,4.20128341838133e-15,1.2597084208716117e-14,0.00019999991455788618,4.272105733678782e-07,2.2351741985060514e-10,0.6051265342463348,3d106515af799b7003ce5aee6dbedc3a50767971d45fe79f21e667802d89eb4d
checkerboard_8_cylinder_105,checkerboard_8,checkerboard,8,cylinder_105,quadratic,0.00020000000000000042,0.00020000000000000006,1.7618285302889441e-15,1.7618285302889447e-15,8.524653602620477e-15,0.00019999996562312594,1.7188437237652743e-07,4.031273492105525e-10,0.5989363872051605,3d106515af799b7003ce5aee6dbedc3a50767971d45fe79f21e667802d89eb4d
checkerboard_8_cylinder_120,checkerboard_8,checkerboard,8,cylinder_120,quadratic,0.0002,0.00019999999999999993,4.065758146820643e-16,4.0657581468206416e-16,5.3901711685539095e-15,0.0001999999703793838,1.4810308104147747e-07,2.3120502994772307e-10,0.5863600795220836,3d106515af799b7003ce5aee6dbedc3a50767971d45fe79f21e667802d89eb4d
checkerboard_8_cylinder_135,checkerboard_8,checkerboard,8,cylinder_135,quadratic,0.0002000000000000001,0.0002,4.0657581468206416e-16,4.0657581468206416e-16,5.4629778040852376e-15,0.00020000001796790506,8.983952484394906e-08,1.1175870992530257e-10,0.5799696684539045,3d106515af799b7003ce5aee6dbedc3a50767971d45fe79f21e667802d89eb4d
checkerboard_8_cylinder_150,checkerboard_8,checkerboard,8,cylinder_150,quadratic,0.00019999999999999977,0.00019999999999999998,1.0842021724855044e-15,1.0842021724855044e-15,6.119725235567933e-15,0.0001999999703793836,1.4810308077042711e-07,2.3120502994772307e-10,0.586360079522083,3d106515af799b7003ce5aee6dbedc3a50767971d45fe79f21e667802d89eb4d
checkerboard_8_cylinder_165,checkerboard_8,checkerboard,8,cylinder_165,quadratic,0.00019999999999999968,0.00019999999999999996,1.355252715606881e-15,1.3552527156068805e-15,9.188698004780605e-15,0.00019999996562312526,1.7188437210547752e-07,4.0312735267999944e-10,0.5989363872051596,3d106515af799b7003ce5aee6dbedc3a50767971d45fe79f21e667802d89eb4d
checkerboard_8_twist,checkerboard_8,checkerboard,8,twist,quadratic,0.0004000000000000027,0.0004,6.640738306473715e-15,1.328147661294743e-14,1.1983891115321408e-14,0.0003999999849137988,3.771550969753806e-08,4.470348362317633e-10,0.08145613568551073,3d106515af799b7003ce5aee6dbedc3a50767971d45fe79f21e667802d89eb4d
checkerboard_8_dome,checkerboard_8,checkerboard,8,dome,quadratic,0.00040000000000000213,0.0004,5.285485590866834e-15,1.0570971181733668e-14,1.7833764665703624e-14,0.00039999981803194584,4.549201407287918e-07,4.470348362317633e-10,1.1570756946999263,3d106515af799b7003ce5aee6dbedc3a50767971d45fe79f21e667802d89eb4d
checkerboard_8_saddle,checkerboard_8,checkerboard,8,saddle,quadratic,0.0003999999999999994,0.0004,1.4907779871675686e-15,2.981555974335137e-15,8.448488467022369e-15,0.00039999999023464553,2.4413384725266477e-08,3.725290301931361e-10,0.3548074499367384,3d106515af799b7003ce5aee6dbedc3a50767971d45fe79f21e667802d89eb4d
checkerboard_8_quartic,checkerboard_8,checkerboard,8,quartic,general,2.614468892000162e-05,2.88e-05,0.09219830138883255,0.013276555399991886,0.13999553790512573,2.614469333530593e-05,1.688795885356274e-07,9.499490256914545e-11,0.26321912454953994,3d106515af799b7003ce5aee6dbedc3a50767971d45fe79f21e667802d89eb4d
checkerboard_8_sine,checkerboard_8,checkerboard,8,sine,general,4.837362290518065e-05,4.8704545517001214e-05,0.006794491321247434,0.0016546130591028267,0.16596868140213608,4.837363849749791e-05,3.2233097963223503e-07,4.749745128457272e-11,0.3201540972244623,3d106515af799b7003ce5aee6dbedc3a50767971d45fe79f21e667802d89eb4d
checkerboard_16_cylinder_000,checkerboard_16,checkerboard,16,cylinder_000,quadratic,0.0002000000000000028,0.0002,1.395910297075087e-14,1.395910297075087e-14,5.42045956271978e-14,0.00019999990807201436,4.59639942209857e-07,2.2351741811588166e-10,1.2345349616064414,a1aa0c4a933aec8efdea9ac29e3c484874f95a95034e930a7ac7425e5d3bb251
checkerboard_16_cylinder_015,checkerboard_16,checkerboard,16,cylinder_015,quadratic,0.0002000000000000053,0.00020000000000000004,2.6291902682773476e-14,2.6291902682773483e-14,7.176160409645159e-14,0.00019999995853941946,2.073029291629836e-07,4.624100633648931e-10,1.2283695099851972,a1aa0c4a933aec8efdea9ac29e3c484874f95a95034e930a7ac7425e5d3bb251
checkerboard_16_cylinder_030,checkerboard_16,checkerboard,16,cylinder_030,quadratic,0.00020000000000000811,0.00019999999999999998,4.065758146820642e-14,4.0657581468206416e-14,8.94323106928691e-14,0.0002000001006256433,5.031281759216841e-07,8.529163486592495e-10,1.2159448245403914,a1aa0c4a933aec8efdea9ac29e3c484874f95a95034e930a7ac7425e5d3bb251
checkerboard_16_cylinder_045,checkerboard_16,checkerboard,16,cylinder_045,quadratic,0.00020000000000001045,0.0002,5.21772295508649e-14,5.21772295508649e-14,8.823881815536012e-14,0.0001999990027286505,4.98635679973946e-06,6.705522526129215e-10,1.20968462747909,a1aa0c4a933aec8efdea9ac29e3c484874f95a95034e930a7ac7425e5d3bb251
checkerboard_16_cylinder_060,checkerboard_16,checkerboard,16,cylinder_060,quadratic,0.00020000000000000958,0.00020000000000000004,4.770489558936219e-14,4.7704895589362195e-14,8.695028191982184e-14,0.00020000010062564492,5.03128176734832e-07,8.529163486592495e-10,1.2159448245403892,a1aa0c4a933aec8efdea9ac29e3c484874f95a95034e930a7ac7425e5d3bb251
checkerboard_16_cylinder_075,checkerboard_16,checkerboard,16,cylinder_075,quadratic,0.00020000000000000584,0.00020000000000000004,2.900240811398724e-14,2.9002408113987244e-14,7.364117350274524e-14,0.00019999995853942112,2.073029236064469e-07,4.624100616301696e-10,1.2283695099851897,a1aa0c4a933aec8efdea9ac29e3c484874f95a95034e930a7ac7425e5d3bb251
checkerboard_16_cylinder_090,checkerboard_16,checkerboard,16,cylinder_090,quadratic,0.0002000000000000028,0.0002,1.395910297075087e-14,1.395910297075087e-14,5.6837579930637525e-14,0.00019999990807201468,4.5963994058355377e-07,2.2351741985060514e-10,1.2345349616064307,a1aa0c4a933aec8efdea9ac29e3c484874f95a95034e930a7ac7425e5d3bb251
checkerboard_16_cylinder_105,checkerboard_16,checkerboard,16,cylinder_105,quadratic,0.00019999999999999966,0.00020000000000000006,2.03287907341032e-15,2.032879073410321e-15,4.008688413478033e-14,0.00020000005305929988,2.652965011302332e-07,4.6401709558052673e-10,1.2283695099851795,a1aa0c4a933aec8efdea9ac29e3c484874f95a95034e930a7ac7425e5d3bb251
checkerboard_16_cylinder_120,checkerboard_16,checkerboard,16,cylinder_120,quadratic,0.0002000000000000003,0.00019999999999999993,1.8973538018496335e-15,1.8973538018496328e-15,2.5661108419303392e-14,0.0002000000153788665,7.689433101755796e-08,2.3120502994772307e-10,1.2159448245403897,a1aa0c4a933aec8efdea9ac29e3c484874f95a95034e930a7ac7425e5d3bb251
checkerboard_16_cylinder_135,checkerboard_16,checkerboard,16,cylinder_135,quadratic,0.00019999999999999955,0.0002,2.303929616531697e-15,2.303929616531697e-15,2.0023720503833787e-14,0.00020000006085047064,3.042523554603299e-07,1.1175870992530257e-10,1.2096846274790785,a1aa0c4a933aec8efdea9ac29e3c484874f95a95034e930a7ac7425e5d3bb251
checkerboard_16_cylinder_150,checkerboard_16,checkerboard,16,cylinder_150,quadratic,0.00020000000000000033,0.00019999999999999998,1.761828530288945e-15,1.7618285302889447e-15,2.7589585822470824e-14,0.00020000001537886657,7.689433115308322e-08,2.3120502994772307e-10,1.21594482454039,a1aa0c4a933aec8efdea9ac29e3c484874f95a95034e930a7ac7425e5d3bb251
checkerboard_16_cylinder_165,checkerboard_16,checkerboard,16,cylinder_165,quadratic,0.0002,0.00019999999999999996,2.7105054312137616e-16,2.710505431213761e-16,3.751009190497399e-14,0.00020000005305929996,2.6529649977498e-07,4.640170990499737e-10,1.2283695099851881,a1aa0c4a933aec8efdea9ac29e3c484874f95a95034e930a7ac7425e5d3bb251
checkerboard_16_twist,checkerboard_16,checkerboard,16,twist,quadratic,0.0004000000000000117,0.0004,2.913793338554793e-14,5.827586677109586e-14,5.242616210118959e-14,0.00039999998173582854,4.5660457836589676e-08,7.450580603862722e-10,0.08145613568551337,a1aa0c4a933aec8efdea9ac29e3c484874f95a95034e930a7ac7425e5d3bb251
checkerboard_16_dome,checkerboard_16,checkerboard,16,dome,quadratic,0.0004000000000000093,0.0004,2.3174821436877657e-14,4.6349642873755315e-14,7.686376900692076e-14,0.0004000006100637302,1.5251593022367817e-06,4.470348362317633e-10,2.4179976198904796,a1aa0c4a933aec8efdea9ac29e3c484874f95a95034e930a7ac7425e5d3bb251
checkerboard_16_saddle,checkerboard_16,checkerboard,16,saddle,quadratic,0.00040000000000000105,0.0004,2.574980159653073e-15,5.149960319306146e-15,3.473356685969557e-14,0.00039999994021474336,1.49463144226598e-07,3.725290301931361e-10,0.4995936307824336,a1aa0c4a933aec8efdea9ac29e3c484874f95a95034e930a7ac7425e5d3bb251
checkerboard_16_quartic,checkerboard_16,checkerboard,16,quartic,general,2.8036855607714135e-05,2.88e-05,0.026498069176592497,0.0038157219614293196,0.06447958781823447,2.803685846569373e-05,1.0193652371898787e-07,9.499490256914545e-11,0.5616612206124197,a1aa0c4a933aec8efdea9ac29e3c484874f95a95034e930a7ac7425e5d3bb251
checkerboard_16_sine,checkerboard_16,checkerboard,16,sine,general,4.850509646214924e-05,4.8704545517001214e-05,0.004095080915647858,0.0009972452742598706,0.07666031108014706,4.8505116003024e-05,4.02862300718962e-07,4.749745128457272e-11,0.629333937499012,a1aa0c4a933aec8efdea9ac29e3c484874f95a95034e930a7ac7425e5d3bb251
checkerboard_32_cylinder_000,checkerboard_32,checkerboard,32,cylinder_000,quadratic,0.0002000000000000059,0.0002,2.940898392866931e-14,2.940898392866931e-14,1.8810605461298848e-13,0.00020000029631877983,1.481593869671069e-06,3.3527612630646075e-10,2.5094767321871854,05a039ff4be5a08221b9abccc443ed97e7a6b1b234011039699bfe1909a8fa7f
checkerboard_32_cylinder_015,checkerboard_32,checkerboard,32,cylinder_015,quadratic,0.00020000000000001774,0.00020000000000000004,8.849800232912929e-14,8.84980023291293e-14,2.538424144374806e-13,0.00019999994052192165,2.973904804326983e-07,4.654702439460534e-10,2.503362811769086,05a039ff4be5a08221b9abccc443ed97e7a6b1b234011039699bfe1909a8fa7f
checkerboard_32_cylinder_030,checkerboard_32,checkerboard,32,cylinder_030,quadratic,0.00020000000000003744,0.00019999999999999998,1.8729592529687092e-13,1.872959252968709e-13,2.9006984140619227e-13,0.00020000042376782943,2.1188389599440427e-06,8.943748137923979e-10,2.491089954872603,05a039ff4be5a08221b9abccc443ed97e7a6b1b234011039699bfe1909a8fa7f
checkerboard_32_cylinder_045,checkerboard_32,checkerboard,32,cylinder_045,quadratic,0.00020000000000005677,0.0002,2.837899186480808e-13,2.837899186480808e-13,3.134532287122499e-13,0.00019999826773697458,8.661315410949107e-06,8.195638681596229e-10,2.4849307960639075,05a039ff4be5a08221b9abccc443ed97e7a6b1b234011039699bfe1909a8fa7f
checkerboard_32_cylinder_060,checkerboard_32,checkerboard,32,cylinder_060,quadratic,0.00020000000000006113,0.00020000000000000004,3.054739620977908e-13,3.0547396209779087e-13,3.0142709845298273e-13,0.00020000042376785125,2.1188389505925482e-06,8.943748172618449e-10,2.4910899548726597,05a039ff4be5a08221b9abccc443ed97e7a6b1b234011039699bfe1909a8fa7f
checkerboard_32_cylinder_075,checkerboard_32,checkerboard,32,cylinder_075,quadratic,0.00020000000000005235,0.00020000000000000004,2.615637741121279e-13,2.6156377411212794e-13,2.6760627797142186e-13,0.00019999994052195477,2.973904878865368e-07,4.654702439460534e-10,2.5033628117691675,05a039ff4be5a08221b9abccc443ed97e7a6b1b234011039699bfe1909a8fa7f
checkerboard_32_cylinder_090,checkerboard_32,checkerboard,32,cylinder_090,quadratic,0.00020000000000003503,0.0002,1.7509865085640897e-13,1.7509865085640897e-13,2.0739570095729555e-13,0.00020000029631880877,1.4815938687221764e-06,3.3527612804118423e-10,2.5094767321872697,05a039ff4be5a08221b9abccc443ed97e7a6b1b234011039699bfe1909a8fa7f
checkerboard_32_cylinder_105,checkerboard_32,checkerboard,32,cylinder_105,quadratic,0.00020000000000001714,0.00020000000000000006,8.538092108323345e-14,8.538092108323347e-14,1.5343672675425912e-13,0.00020000001995061807,9.975300465746654e-08,4.6401709558052673e-10,2.503362811768977,05a039ff4be5a08221b9abccc443ed97e7a6b1b234011039699bfe1909a8fa7f
checkerboard_32_cylinder_120,checkerboard_32,checkerboard,32,cylinder_120,quadratic,0.0002000000000000053,0.00019999999999999993,2.6834003769016244e-14,2.6834003769016235e-14,1.0534949256600077e-13,0.00020000009610827277,4.805413373806933e-07,2.3120502994772307e-10,2.4910899548723293,05a039ff4be5a08221b9abccc443ed97e7a6b1b234011039699bfe1909a8fa7f
checkerboard_32_cylinder_135,checkerboard_32,checkerboard,32,cylinder_135,quadratic,0.00020000000000000015,0.0002,6.776263578034403e-16,6.776263578034403e-16,8.336002161927529e-14,0.00019999953062095665,2.3468952174980785e-06,1.6763806402059211e-10,2.4849307960634923,05a039ff4be5a08221b9abccc443ed97e7a6b1b234011039699bfe1909a8fa7f
checkerboard_32_cylinder_150,checkerboard_32,checkerboard,32,cylinder_150,quadratic,0.00019999999999999803,0.00019999999999999998,9.757819552369541e-15,9.75781955236954e-15,9.659800316590993e-14,0.00020000009610826583,4.80541339007014e-07,2.3120502994772307e-10,2.491089954872283,05a039ff4be5a08221b9abccc443ed97e7a6b1b234011039699bfe1909a8fa7f
checkerboard_32_cylinder_165,checkerboard_32,checkerboard,32,cylinder_165,quadratic,0.00019999999999999798,0.00019999999999999996,9.89334482393023e-15,9.893344823930228e-15,1.3912295065010146e-13,0.0002000000199505999,9.975300967191115e-08,4.640170990499737e-10,2.50336281176889,05a039ff4be5a08221b9abccc443ed97e7a6b1b234011039699bfe1909a8fa7f
checkerboard_32_twist,checkerboard_32,checkerboard,32,twist,quadratic,0.0004000000000000373,0.0004,9.324138683375338e-14,1.8648277366750676e-13,1.7903757980836016e-13,0.0003999999760328745,5.991790708882689e-08,8.195638646901759e-10,0.08145613568549886,05a039ff4be5a08221b9abccc443ed97e7a6b1b234011039699bfe1909a8fa7f
checkerboard_32_dome,checkerboard_32,checkerboard,32,dome,quadratic,0.00040000000000007423,0.0004,1.8553409676658195e-13,3.710681935331639e-13,2.670445643956958e-13,0.00039999963870848476,9.03228973683394e-07,8.940696724635266e-10,4.969194013405168,05a039ff4be5a08221b9abccc443ed97e7a6b1b234011039699bfe1909a8fa7f
checkerboard_32_saddle,checkerboard_32,checkerboard,32,saddle,quadratic,0.0004000000000000042,0.0004,1.043544591017298e-14,2.087089182034596e-14,1.3161896568585112e-13,0.00039999993896824116,1.5257940757747877e-07,4.470348362317633e-10,0.7049856272959927,05a039ff4be5a08221b9abccc443ed97e7a6b1b234011039699bfe1909a8fa7f
checkerboard_32_quartic,checkerboard_32,checkerboard,32,quartic,general,2.8595640821634655e-05,2.88e-05,0.007095804804352223,0.00102179589182672,0.030528055953397082,2.8595636627330083e-05,1.466763622395926e-07,9.499490256914545e-11,1.1646160270287573,05a039ff4be5a08221b9abccc443ed97e7a6b1b234011039699bfe1909a8fa7f
checkerboard_32_sine,checkerboard_32,checkerboard,32,sine,general,4.864011965217952e-05,4.8704545517001214e-05,0.0013227895700044644,0.0003221293241084845,0.0364255674928553,4.864007228447918e-05,9.738401277994166e-07,4.749745128457272e-11,1.2609991033199122,05a039ff4be5a08221b9abccc443ed97e7a6b1b234011039699bfe1909a8fa7f
