timestamp, name, driver_version, utilization.gpu [%], utilization.memory [%], memory.used [MiB], clocks.current.sm [MHz], clocks.current.memory [MHz], power.draw [W], temperature.gpu
2026/09/22 18:36:31.116, NVIDIA GeForce GTX 1080 Ti, 582.28, 6 %, 2 %, 1045 MiB, 1531 MHz, 5508 MHz, 63.04 W, 51
2026/09/22 18:36:33.076, NVIDIA GeForce GTX 1080 Ti, 582.28, 6 %, 2 %, 1047 MiB, 1430 MHz, 5508 MHz, 61.31 W, 51
2026/09/22 18:36:35.034, NVIDIA GeForce GTX 1080 Ti, 582.28, 10 %, 2 %, 1188 MiB, 1531 MHz, 5005 MHz, 61.03 W, 51
2026/09/22 18:36:36.982, NVIDIA GeForce GTX 1080 Ti, 582.28, 76 %, 5 %, 1290 MiB, 1936 MHz, 5005 MHz, 102.26 W, 53
2026/09/22 18:36:38.931, NVIDIA GeForce GTX 1080 Ti, 582.28, 7 %, 2 %, 1328 MiB, 1923 MHz, 5005 MHz, 99.96 W, 56
2026/09/22 18:36:40.883, NVIDIA GeForce GTX 1080 Ti, 582.28, 6 %, 2 %, 1359 MiB, 1923 MHz, 5005 MHz, 78.56 W, 55
2026/09/22 18:36:42.833, NVIDIA GeForce GTX 1080 Ti, 582.28, 9 %, 2 %, 1705 MiB, 1923 MHz, 5005 MHz, 78.99 W, 55
2026/09/22 18:36:44.786, NVIDIA GeForce GTX 1080 Ti, 582.28, 6 %, 2 %, 1873 MiB, 1923 MHz, 5005 MHz, 79.42 W, 56
2026/09/22 18:36:46.744, NVIDIA GeForce GTX 1080 Ti, 582.28, 7 %, 2 %, 2385 MiB, 1923 MHz, 5005 MHz, 82.25 W, 56
2026/09/22 18:36:48.702, NVIDIA GeForce GTX 1080 Ti, 582.28, 30 %, 3 %, 2601 MiB, 1923 MHz, 5005 MHz, 90.11 W, 57
2026/09/22 18:36:50.654, NVIDIA GeForce GTX 1080 Ti, 582.28, 5 %, 2 %, 2897 MiB, 1923 MHz, 5005 MHz, 78.85 W, 56
2026/09/22 18:36:52.611, NVIDIA GeForce GTX 1080 Ti, 582.28, 22 %, 3 %, 3317 MiB, 1923 MHz, 5005 MHz, 79.57 W, 57
2026/09/22 18:36:54.565, NVIDIA GeForce GTX 1080 Ti, 582.28, 100 %, 8 %, 3371 MiB, 1923 MHz, 5005 MHz, 106.50 W, 59
2026/09/22 18:36:56.519, NVIDIA GeForce GTX 1080 Ti, 582.28, 100 %, 8 %, 3433 MiB, 1923 MHz, 5005 MHz, 106.43 W, 59
2026/09/22 18:37:00.241, NVIDIA GeForce GTX 1080 Ti, 582.28, 59 %, 9 %, 3492 MiB, 1923 MHz, 5005 MHz, 105.19 W, 60
2026/09/22 18:37:02.197, NVIDIA GeForce GTX 1080 Ti, 582.28, 100 %, 6 %, 3492 MiB, 1923 MHz, 5005 MHz, 109.30 W, 60
2026/09/22 18:37:04.155, NVIDIA GeForce GTX 1080 Ti, 582.28, 100 %, 7 %, 3554 MiB, 1911 MHz, 5005 MHz, 107.85 W, 60
2026/09/22 18:37:06.113, NVIDIA GeForce GTX 1080 Ti, 582.28, 100 %, 8 %, 3555 MiB, 1911 MHz, 5005 MHz, 106.03 W, 60
2026/09/22 18:37:08.072, NVIDIA GeForce GTX 1080 Ti, 582.28, 100 %, 8 %, 3555 MiB, 1911 MHz, 5005 MHz, 105.25 W, 60
2026/09/22 18:37:10.032, NVIDIA GeForce GTX 1080 Ti, 582.28, 100 %, 11 %, 3555 MiB, 1911 MHz, 5005 MHz, 104.25 W, 61
2026/09/22 18:37:11.968, NVIDIA GeForce GTX 1080 Ti, 582.28, 100 %, 8 %, 3557 MiB, 1911 MHz, 5005 MHz, 104.10 W, 61
2026/09/22 18:37:13.904, NVIDIA GeForce GTX 1080 Ti, 582.28, 98 %, 13 %, 3557 MiB, 1911 MHz, 5005 MHz, 104.35 W, 61
2026/09/22 18:37:15.844, NVIDIA GeForce GTX 1080 Ti, 582.28, 100 %, 6 %, 3556 MiB, 1911 MHz, 5005 MHz, 108.75 W, 61
2026/09/22 18:37:17.781, NVIDIA GeForce GTX 1080 Ti, 582.28, 100 %, 7 %, 3555 MiB, 1911 MHz, 5005 MHz, 119.26 W, 61
2026/09/22 18:37:19.739, NVIDIA GeForce GTX 1080 Ti, 582.28, 100 %, 8 %, 3555 MiB, 1911 MHz, 5005 MHz, 103.46 W, 61
2026/09/22 18:37:21.692, NVIDIA GeForce GTX 1080 Ti, 582.28, 100 %, 11 %, 3554 MiB, 1911 MHz, 5005 MHz, 120.22 W, 62
2026/09/22 18:37:23.645, NVIDIA GeForce GTX 1080 Ti, 582.28, 100 %, 9 %, 3554 MiB, 1911 MHz, 5005 MHz, 103.16 W, 62
2026/09/22 18:37:25.598, NVIDIA GeForce GTX 1080 Ti, 582.28, 100 %, 8 %, 3554 MiB, 1911 MHz, 5005 MHz, 103.21 W, 62
2026/09/22 18:37:27.561, NVIDIA GeForce GTX 1080 Ti, 582.28, 100 %, 7 %, 3653 MiB, 1911 MHz, 5005 MHz, 110.13 W, 62
2026/09/22 18:37:29.519, NVIDIA GeForce GTX 1080 Ti, 582.28, 100 %, 8 %, 3635 MiB, 1911 MHz, 5005 MHz, 106.31 W, 62
2026/09/22 18:37:31.476, NVIDIA GeForce GTX 1080 Ti, 582.28, 100 %, 8 %, 3616 MiB, 1911 MHz, 5005 MHz, 106.04 W, 62
2026/09/22 18:37:35.185, NVIDIA GeForce GTX 1080 Ti, 582.28, 6 %, 2 %, 2922 MiB, 1911 MHz, 5005 MHz, 79.86 W, 60
2026/09/22 18:37:37.144, NVIDIA GeForce GTX 1080 Ti, 582.28, 5 %, 2 %, 2055 MiB, 1911 MHz, 5005 MHz, 79.67 W, 60
2026/09/22 18:37:39.104, NVIDIA GeForce GTX 1080 Ti, 582.28, 8 %, 3 %, 2170 MiB, 1455 MHz, 5005 MHz, 59.86 W, 58
2026/09/22 18:37:41.063, NVIDIA GeForce GTX 1080 Ti, 582.28, 7 %, 2 %, 2824 MiB, 1531 MHz, 5005 MHz, 60.45 W, 57
2026/09/22 18:37:43.028, NVIDIA GeForce GTX 1080 Ti, 582.28, 12 %, 2 %, 3156 MiB, 1911 MHz, 5005 MHz, 80.73 W, 59
2026/09/22 18:37:44.948, NVIDIA GeForce GTX 1080 Ti, 582.28, 4 %, 1 %, 3287 MiB, 1911 MHz, 5005 MHz, 81.34 W, 60
2026/09/22 18:37:46.869, NVIDIA GeForce GTX 1080 Ti, 582.28, 100 %, 10 %, 3663 MiB, 1911 MHz, 5005 MHz, 106.79 W, 62
2026/09/22 18:37:48.789, NVIDIA GeForce GTX 1080 Ti, 582.28, 100 %, 9 %, 3644 MiB, 1911 MHz, 5005 MHz, 107.74 W, 62
2026/09/22 18:37:50.748, NVIDIA GeForce GTX 1080 Ti, 582.28, 100 %, 9 %, 3614 MiB, 1911 MHz, 5005 MHz, 108.13 W, 62
2026/09/22 18:37:52.705, NVIDIA GeForce GTX 1080 Ti, 582.28, 100 %, 8 %, 3590 MiB, 1911 MHz, 5005 MHz, 107.08 W, 63
2026/09/22 18:37:54.667, NVIDIA GeForce GTX 1080 Ti, 582.28, 100 %, 13 %, 3587 MiB, 1911 MHz, 5005 MHz, 105.30 W, 63
2026/09/22 18:37:56.623, NVIDIA GeForce GTX 1080 Ti, 582.28, 100 %, 8 %, 3563 MiB, 1911 MHz, 5005 MHz, 108.01 W, 63
2026/09/22 18:37:58.579, NVIDIA GeForce GTX 1080 Ti, 582.28, 100 %, 9 %, 3563 MiB, 1911 MHz, 5005 MHz, 104.89 W, 63
2026/09/22 18:38:00.536, NVIDIA GeForce GTX 1080 Ti, 582.28, 76 %, 6 %, 3558 MiB, 1911 MHz, 5005 MHz, 123.17 W, 63
2026/09/22 18:38:02.500, NVIDIA GeForce GTX 1080 Ti, 582.28, 100 %, 9 %, 3549 MiB, 1911 MHz, 5005 MHz, 106.02 W, 63
2026/09/22 18:38:04.459, NVIDIA GeForce GTX 1080 Ti, 582.28, 100 %, 11 %, 3602 MiB, 1911 MHz, 5005 MHz, 107.75 W, 64
2026/09/22 18:38:08.153, NVIDIA GeForce GTX 1080 Ti, 582.28, 100 %, 10 %, 3759 MiB, 1911 MHz, 5005 MHz, 106.42 W, 63
2026/09/22 18:38:10.114, NVIDIA GeForce GTX 1080 Ti, 582.28, 100 %, 6 %, 3690 MiB, 1911 MHz, 5005 MHz, 113.57 W, 64
2026/09/22 18:38:12.078, NVIDIA GeForce GTX 1080 Ti, 582.28, 100 %, 12 %, 3673 MiB, 1911 MHz, 5005 MHz, 111.06 W, 64
2026/09/22 18:38:14.045, NVIDIA GeForce GTX 1080 Ti, 582.28, 100 %, 11 %, 3645 MiB, 1911 MHz, 5005 MHz, 105.27 W, 64
2026/09/22 18:38:16.008, NVIDIA GeForce GTX 1080 Ti, 582.28, 100 %, 9 %, 3623 MiB, 1911 MHz, 5005 MHz, 124.04 W, 64
2026/09/22 18:38:17.946, NVIDIA GeForce GTX 1080 Ti, 582.28, 100 %, 9 %, 3683 MiB, 1911 MHz, 5005 MHz, 104.65 W, 64
2026/09/22 18:38:19.847, NVIDIA GeForce GTX 1080 Ti, 582.28, 100 %, 8 %, 3644 MiB, 1911 MHz, 5005 MHz, 108.33 W, 64
2026/09/22 18:38:21.762, NVIDIA GeForce GTX 1080 Ti, 582.28, 100 %, 10 %, 3628 MiB, 1911 MHz, 5005 MHz, 124.64 W, 64
2026/09/22 18:38:23.725, NVIDIA GeForce GTX 1080 Ti, 582.28, 98 %, 7 %, 3610 MiB, 1911 MHz, 5005 MHz, 123.59 W, 64
2026/09/22 18:38:25.685, NVIDIA GeForce GTX 1080 Ti, 582.28, 100 %, 8 %, 3589 MiB, 1911 MHz, 5005 MHz, 106.60 W, 64
2026/09/22 18:38:27.641, NVIDIA GeForce GTX 1080 Ti, 582.28, 100 %, 9 %, 3594 MiB, 1911 MHz, 5005 MHz, 111.78 W, 64
2026/09/22 18:38:29.595, NVIDIA GeForce GTX 1080 Ti, 582.28, 100 %, 9 %, 3560 MiB, 1911 MHz, 5005 MHz, 106.22 W, 64
2026/09/22 18:38:31.554, NVIDIA GeForce GTX 1080 Ti, 582.28, 100 %, 7 %, 3574 MiB, 1911 MHz, 5005 MHz, 113.74 W, 65
2026/09/22 18:38:33.508, NVIDIA GeForce GTX 1080 Ti, 582.28, 100 %, 8 %, 3541 MiB, 1911 MHz, 5005 MHz, 105.85 W, 65
2026/09/22 18:38:35.475, NVIDIA GeForce GTX 1080 Ti, 582.28, 100 %, 8 %, 3548 MiB, 1911 MHz, 5005 MHz, 107.78 W, 65
2026/09/22 18:38:37.434, NVIDIA GeForce GTX 1080 Ti, 582.28, 100 %, 8 %, 3698 MiB, 1911 MHz, 5005 MHz, 110.42 W, 65
2026/09/22 18:38:39.394, NVIDIA GeForce GTX 1080 Ti, 582.28, 100 %, 9 %, 3615 MiB, 1911 MHz, 5005 MHz, 105.74 W, 64
2026/09/22 18:38:43.132, NVIDIA GeForce GTX 1080 Ti, 582.28, 98 %, 7 %, 3548 MiB, 1911 MHz, 5005 MHz, 122.96 W, 65
2026/09/22 18:38:45.107, NVIDIA GeForce GTX 1080 Ti, 582.28, 100 %, 12 %, 3571 MiB, 1911 MHz, 5005 MHz, 107.22 W, 65
2026/09/22 18:38:47.078, NVIDIA GeForce GTX 1080 Ti, 582.28, 100 %, 12 %, 3570 MiB, 1911 MHz, 5005 MHz, 109.57 W, 65
2026/09/22 18:38:49.050, NVIDIA GeForce GTX 1080 Ti, 582.28, 100 %, 8 %, 3628 MiB, 1911 MHz, 5005 MHz, 110.23 W, 65
2026/09/22 18:38:51.027, NVIDIA GeForce GTX 1080 Ti, 582.28, 100 %, 7 %, 3608 MiB, 1911 MHz, 5005 MHz, 107.56 W, 65
2026/09/22 18:38:52.927, NVIDIA GeForce GTX 1080 Ti, 582.28, 100 %, 14 %, 3632 MiB, 1911 MHz, 5005 MHz, 109.32 W, 65
2026/09/22 18:38:54.822, NVIDIA GeForce GTX 1080 Ti, 582.28, 100 %, 8 %, 3626 MiB, 1911 MHz, 5005 MHz, 109.74 W, 65
2026/09/22 18:38:56.751, NVIDIA GeForce GTX 1080 Ti, 582.28, 100 %, 8 %, 3632 MiB, 1911 MHz, 5005 MHz, 118.73 W, 66
2026/09/22 18:38:58.710, NVIDIA GeForce GTX 1080 Ti, 582.28, 100 %, 8 %, 3652 MiB, 1911 MHz, 5005 MHz, 108.53 W, 66
2026/09/22 18:39:00.671, NVIDIA GeForce GTX 1080 Ti, 582.28, 70 %, 2 %, 2826 MiB, 1911 MHz, 5005 MHz, 90.73 W, 64
2026/09/22 18:39:02.625, NVIDIA GeForce GTX 1080 Ti, 582.28, 34 %, 3 %, 1960 MiB, 1911 MHz, 5005 MHz, 81.30 W, 64
2026/09/22 18:39:04.579, NVIDIA GeForce GTX 1080 Ti, 582.28, 10 %, 1 %, 2397 MiB, 1455 MHz, 5005 MHz, 59.10 W, 60
2026/09/22 18:39:06.533, NVIDIA GeForce GTX 1080 Ti, 582.28, 4 %, 1 %, 2766 MiB, 1455 MHz, 5005 MHz, 64.98 W, 60
2026/09/22 18:39:08.498, NVIDIA GeForce GTX 1080 Ti, 582.28, 15 %, 1 %, 3117 MiB, 1455 MHz, 5005 MHz, 59.34 W, 60
2026/09/22 18:39:10.457, NVIDIA GeForce GTX 1080 Ti, 582.28, 100 %, 4 %, 2995 MiB, 1911 MHz, 5005 MHz, 99.07 W, 64
2026/09/22 18:39:12.416, NVIDIA GeForce GTX 1080 Ti, 582.28, 68 %, 4 %, 2982 MiB, 1911 MHz, 5005 MHz, 105.16 W, 64
2026/09/22 18:39:14.381, NVIDIA GeForce GTX 1080 Ti, 582.28, 100 %, 5 %, 2974 MiB, 1911 MHz, 5005 MHz, 96.68 W, 64
2026/09/22 18:39:18.132, NVIDIA GeForce GTX 1080 Ti, 582.28, 100 %, 5 %, 2967 MiB, 1911 MHz, 5005 MHz, 97.63 W, 64
2026/09/22 18:39:20.113, NVIDIA GeForce GTX 1080 Ti, 582.28, 100 %, 5 %, 3086 MiB, 1911 MHz, 5005 MHz, 97.81 W, 64
2026/09/22 18:39:22.091, NVIDIA GeForce GTX 1080 Ti, 582.28, 98 %, 5 %, 3184 MiB, 1911 MHz, 5005 MHz, 100.54 W, 65
2026/09/22 18:39:24.051, NVIDIA GeForce GTX 1080 Ti, 582.28, 99 %, 5 %, 3225 MiB, 1911 MHz, 5005 MHz, 100.11 W, 64
2026/09/22 18:39:25.980, NVIDIA GeForce GTX 1080 Ti, 582.28, 100 %, 3 %, 3126 MiB, 1911 MHz, 5005 MHz, 106.80 W, 65
2026/09/22 18:39:27.905, NVIDIA GeForce GTX 1080 Ti, 582.28, 100 %, 4 %, 3125 MiB, 1911 MHz, 5005 MHz, 97.54 W, 64
2026/09/22 18:39:29.834, NVIDIA GeForce GTX 1080 Ti, 582.28, 100 %, 5 %, 3066 MiB, 1911 MHz, 5005 MHz, 96.54 W, 64
2026/09/22 18:39:31.794, NVIDIA GeForce GTX 1080 Ti, 582.28, 100 %, 9 %, 3055 MiB, 1911 MHz, 5005 MHz, 97.31 W, 64
2026/09/22 18:39:33.749, NVIDIA GeForce GTX 1080 Ti, 582.28, 100 %, 5 %, 3092 MiB, 1911 MHz, 5005 MHz, 96.99 W, 64
2026/09/22 18:39:35.704, NVIDIA GeForce GTX 1080 Ti, 582.28, 100 %, 5 %, 3076 MiB, 1911 MHz, 5005 MHz, 97.55 W, 64
2026/09/22 18:39:37.662, NVIDIA GeForce GTX 1080 Ti, 582.28, 100 %, 5 %, 2966 MiB, 1911 MHz, 5005 MHz, 98.21 W, 64
2026/09/22 18:39:39.614, NVIDIA GeForce GTX 1080 Ti, 582.28, 50 %, 3 %, 1824 MiB, 1911 MHz, 5005 MHz, 80.53 W, 63
2026/09/22 18:39:41.568, NVIDIA GeForce GTX 1080 Ti, 582.28, 20 %, 2 %, 2274 MiB, 1911 MHz, 5005 MHz, 80.22 W, 63
2026/09/22 18:39:43.525, NVIDIA GeForce GTX 1080 Ti, 582.28, 5 %, 1 %, 2660 MiB, 1911 MHz, 5005 MHz, 79.52 W, 62
2026/09/22 18:39:45.486, NVIDIA GeForce GTX 1080 Ti, 582.28, 100 %, 6 %, 2949 MiB, 1911 MHz, 5005 MHz, 99.44 W, 64
2026/09/22 18:39:47.443, NVIDIA GeForce GTX 1080 Ti, 582.28, 100 %, 5 %, 2948 MiB, 1911 MHz, 5005 MHz, 97.82 W, 64
2026/09/22 18:39:51.070, NVIDIA GeForce GTX 1080 Ti, 582.28, 100 %, 6 %, 2961 MiB, 1911 MHz, 5005 MHz, 98.25 W, 64
2026/09/22 18:39:53.052, NVIDIA GeForce GTX 1080 Ti, 582.28, 100 %, 5 %, 2987 MiB, 1911 MHz, 5005 MHz, 101.14 W, 64
2026/09/22 18:39:55.034, NVIDIA GeForce GTX 1080 Ti, 582.28, 100 %, 6 %, 2993 MiB, 1911 MHz, 5005 MHz, 99.47 W, 64
2026/09/22 18:39:57.017, NVIDIA GeForce GTX 1080 Ti, 582.28, 100 %, 7 %, 3041 MiB, 1911 MHz, 5005 MHz, 98.85 W, 64
2026/09/22 18:39:58.982, NVIDIA GeForce GTX 1080 Ti, 582.28, 100 %, 5 %, 3009 MiB, 1911 MHz, 5005 MHz, 100.66 W, 64
2026/09/22 18:40:00.933, NVIDIA GeForce GTX 1080 Ti, 582.28, 100 %, 5 %, 3003 MiB, 1911 MHz, 5005 MHz, 108.41 W, 65
2026/09/22 18:40:02.884, NVIDIA GeForce GTX 1080 Ti, 582.28, 100 %, 8 %, 3006 MiB, 1911 MHz, 5005 MHz, 99.15 W, 65
2026/09/22 18:40:04.841, NVIDIA GeForce GTX 1080 Ti, 582.28, 100 %, 6 %, 3009 MiB, 1911 MHz, 5005 MHz, 100.75 W, 64
2026/09/22 18:40:06.795, NVIDIA GeForce GTX 1080 Ti, 582.28, 100 %, 6 %, 3069 MiB, 1911 MHz, 5005 MHz, 101.38 W, 65
2026/09/22 18:40:08.689, NVIDIA GeForce GTX 1080 Ti, 582.28, 99 %, 5 %, 3043 MiB, 1911 MHz, 5005 MHz, 104.07 W, 66
2026/09/22 18:40:10.586, NVIDIA GeForce GTX 1080 Ti, 582.28, 100 %, 6 %, 3010 MiB, 1911 MHz, 5005 MHz, 104.83 W, 65
2026/09/22 18:40:12.483, NVIDIA GeForce GTX 1080 Ti, 582.28, 100 %, 7 %, 3010 MiB, 1911 MHz, 5005 MHz, 100.27 W, 65
2026/09/22 18:40:14.444, NVIDIA GeForce GTX 1080 Ti, 582.28, 100 %, 6 %, 3009 MiB, 1911 MHz, 5005 MHz, 101.73 W, 65
2026/09/22 18:40:16.403, NVIDIA GeForce GTX 1080 Ti, 582.28, 100 %, 6 %, 3009 MiB, 1911 MHz, 5005 MHz, 99.60 W, 65
2026/09/22 18:40:18.362, NVIDIA GeForce GTX 1080 Ti, 582.28, 100 %, 6 %, 3009 MiB, 1911 MHz, 5005 MHz, 101.33 W, 65
2026/09/22 18:40:20.322, NVIDIA GeForce GTX 1080 Ti, 582.28, 100 %, 8 %, 3009 MiB, 1911 MHz, 5005 MHz, 101.81 W, 65
2026/09/22 18:40:22.281, NVIDIA GeForce GTX 1080 Ti, 582.28, 100 %, 6 %, 3009 MiB, 1911 MHz, 5005 MHz, 98.96 W, 65
2026/09/22 18:40:26.043, NVIDIA GeForce GTX 1080 Ti, 582.28, 100 %, 6 %, 3009 MiB, 1911 MHz, 5005 MHz, 99.41 W, 65
2026/09/22 18:40:28.047, NVIDIA GeForce GTX 1080 Ti, 582.28, 100 %, 6 %, 3009 MiB, 1911 MHz, 5005 MHz, 101.52 W, 65
2026/09/22 18:40:30.007, NVIDIA GeForce GTX 1080 Ti, 582.28, 100 %, 6 %, 3009 MiB, 1911 MHz, 5005 MHz, 100.74 W, 65
2026/09/22 18:40:31.966, NVIDIA GeForce GTX 1080 Ti, 582.28, 100 %, 5 %, 3009 MiB, 1911 MHz, 5005 MHz, 102.56 W, 66
2026/09/22 18:40:33.883, NVIDIA GeForce GTX 1080 Ti, 582.28, 76 %, 3 %, 2331 MiB, 1911 MHz, 5005 MHz, 93.17 W, 64
2026/09/22 18:40:35.800, NVIDIA GeForce GTX 1080 Ti, 582.28, 6 %, 2 %, 2058 MiB, 1911 MHz, 5005 MHz, 81.59 W, 63
2026/09/22 18:40:37.717, NVIDIA GeForce GTX 1080 Ti, 582.28, 6 %, 2 %, 2467 MiB, 1911 MHz, 5005 MHz, 81.88 W, 63
2026/09/22 18:40:39.634, NVIDIA GeForce GTX 1080 Ti, 582.28, 62 %, 5 %, 2818 MiB, 1911 MHz, 5005 MHz, 94.75 W, 64
2026/09/22 18:40:41.595, NVIDIA GeForce GTX 1080 Ti, 582.28, 100 %, 4 %, 2823 MiB, 1911 MHz, 5005 MHz, 96.88 W, 64
2026/09/22 18:40:43.552, NVIDIA GeForce GTX 1080 Ti, 582.28, 68 %, 3 %, 2823 MiB, 1911 MHz, 5005 MHz, 96.68 W, 64
2026/09/22 18:40:45.515, NVIDIA GeForce GTX 1080 Ti, 582.28, 100 %, 5 %, 2817 MiB, 1911 MHz, 5005 MHz, 97.05 W, 64
2026/09/22 18:40:47.472, NVIDIA GeForce GTX 1080 Ti, 582.28, 100 %, 5 %, 2817 MiB, 1911 MHz, 5005 MHz, 96.09 W, 65
2026/09/22 18:40:49.430, NVIDIA GeForce GTX 1080 Ti, 582.28, 100 %, 7 %, 3011 MiB, 1911 MHz, 5005 MHz, 95.27 W, 64
2026/09/22 18:40:51.395, NVIDIA GeForce GTX 1080 Ti, 582.28, 100 %, 4 %, 3010 MiB, 1911 MHz, 5005 MHz, 94.84 W, 65
2026/09/22 18:40:53.353, NVIDIA GeForce GTX 1080 Ti, 582.28, 100 %, 5 %, 3004 MiB, 1911 MHz, 5005 MHz, 98.61 W, 65
2026/09/22 18:40:55.311, NVIDIA GeForce GTX 1080 Ti, 582.28, 98 %, 5 %, 2976 MiB, 1911 MHz, 5005 MHz, 101.29 W, 65
2026/09/22 18:40:57.283, NVIDIA GeForce GTX 1080 Ti, 582.28, 100 %, 5 %, 2959 MiB, 1911 MHz, 5005 MHz, 95.35 W, 65
2026/09/22 18:41:00.927, NVIDIA GeForce GTX 1080 Ti, 582.28, 100 %, 5 %, 2979 MiB, 1911 MHz, 5005 MHz, 95.11 W, 65
2026/09/22 18:41:02.911, NVIDIA GeForce GTX 1080 Ti, 582.28, 100 %, 6 %, 2974 MiB, 1911 MHz, 5005 MHz, 96.49 W, 65
2026/09/22 18:41:04.890, NVIDIA GeForce GTX 1080 Ti, 582.28, 100 %, 5 %, 2967 MiB, 1911 MHz, 5005 MHz, 95.51 W, 64
2026/09/22 18:41:06.845, NVIDIA GeForce GTX 1080 Ti, 582.28, 100 %, 5 %, 2967 MiB, 1911 MHz, 5005 MHz, 95.72 W, 65
2026/09/22 18:41:08.802, NVIDIA GeForce GTX 1080 Ti, 582.28, 99 %, 6 %, 3024 MiB, 1911 MHz, 5005 MHz, 98.88 W, 65
2026/09/22 18:41:10.754, NVIDIA GeForce GTX 1080 Ti, 582.28, 6 %, 2 %, 2151 MiB, 1911 MHz, 5005 MHz, 83.69 W, 64
2026/09/22 18:41:12.704, NVIDIA GeForce GTX 1080 Ti, 582.28, 13 %, 2 %, 2635 MiB, 1911 MHz, 5005 MHz, 93.46 W, 63
2026/09/22 18:41:14.635, NVIDIA GeForce GTX 1080 Ti, 582.28, 21 %, 3 %, 3102 MiB, 1911 MHz, 5005 MHz, 81.88 W, 63
2026/09/22 18:41:16.529, NVIDIA GeForce GTX 1080 Ti, 582.28, 100 %, 6 %, 3117 MiB, 1911 MHz, 5005 MHz, 97.34 W, 65
2026/09/22 18:41:18.423, NVIDIA GeForce GTX 1080 Ti, 582.28, 100 %, 6 %, 3109 MiB, 1911 MHz, 5005 MHz, 96.83 W, 65
2026/09/22 18:41:20.366, NVIDIA GeForce GTX 1080 Ti, 582.28, 99 %, 5 %, 3098 MiB, 1911 MHz, 5005 MHz, 98.06 W, 65
2026/09/22 18:41:22.325, NVIDIA GeForce GTX 1080 Ti, 582.28, 100 %, 5 %, 3093 MiB, 1911 MHz, 5005 MHz, 96.09 W, 64
2026/09/22 18:41:24.290, NVIDIA GeForce GTX 1080 Ti, 582.28, 100 %, 7 %, 3079 MiB, 1911 MHz, 5005 MHz, 97.52 W, 65
2026/09/22 18:41:26.250, NVIDIA GeForce GTX 1080 Ti, 582.28, 100 %, 6 %, 3084 MiB, 1911 MHz, 5005 MHz, 97.50 W, 65
2026/09/22 18:41:28.209, NVIDIA GeForce GTX 1080 Ti, 582.28, 100 %, 7 %, 3106 MiB, 1911 MHz, 5005 MHz, 98.67 W, 65
2026/09/22 18:41:30.174, NVIDIA GeForce GTX 1080 Ti, 582.28, 100 %, 6 %, 3007 MiB, 1911 MHz, 5005 MHz, 97.52 W, 65
2026/09/22 18:41:33.913, NVIDIA GeForce GTX 1080 Ti, 582.28, 100 %, 6 %, 3026 MiB, 1911 MHz, 5005 MHz, 98.11 W, 65
2026/09/22 18:41:35.915, NVIDIA GeForce GTX 1080 Ti, 582.28, 100 %, 6 %, 3179 MiB, 1911 MHz, 5005 MHz, 102.77 W, 65
2026/09/22 18:41:37.874, NVIDIA GeForce GTX 1080 Ti, 582.28, 100 %, 5 %, 3170 MiB, 1911 MHz, 5005 MHz, 98.66 W, 65
2026/09/22 18:41:39.833, NVIDIA GeForce GTX 1080 Ti, 582.28, 100 %, 5 %, 3157 MiB, 1911 MHz, 5005 MHz, 96.56 W, 65
2026/09/22 18:41:41.741, NVIDIA GeForce GTX 1080 Ti, 582.28, 100 %, 6 %, 3135 MiB, 1911 MHz, 5005 MHz, 97.13 W, 65
2026/09/22 18:41:43.655, NVIDIA GeForce GTX 1080 Ti, 582.28, 100 %, 6 %, 3124 MiB, 1911 MHz, 5005 MHz, 96.43 W, 65
2026/09/22 18:41:45.563, NVIDIA GeForce GTX 1080 Ti, 582.28, 100 %, 5 %, 3119 MiB, 1911 MHz, 5005 MHz, 96.36 W, 65
2026/09/22 18:41:47.523, NVIDIA GeForce GTX 1080 Ti, 582.28, 100 %, 7 %, 3115 MiB, 1911 MHz, 5005 MHz, 96.61 W, 65
2026/09/22 18:41:49.481, NVIDIA GeForce GTX 1080 Ti, 582.28, 100 %, 5 %, 3105 MiB, 1911 MHz, 5005 MHz, 105.56 W, 65
2026/09/22 18:41:51.441, NVIDIA GeForce GTX 1080 Ti, 582.28, 100 %, 5 %, 3083 MiB, 1911 MHz, 5005 MHz, 96.22 W, 65
2026/09/22 18:41:53.398, NVIDIA GeForce GTX 1080 Ti, 582.28, 100 %, 6 %, 3137 MiB, 1911 MHz, 5005 MHz, 95.67 W, 65
2026/09/22 18:41:55.352, NVIDIA GeForce GTX 1080 Ti, 582.28, 100 %, 5 %, 3140 MiB, 1911 MHz, 5005 MHz, 96.97 W, 65
2026/09/22 18:41:57.312, NVIDIA GeForce GTX 1080 Ti, 582.28, 100 %, 5 %, 3142 MiB, 1911 MHz, 5005 MHz, 96.98 W, 65
2026/09/22 18:41:59.271, NVIDIA GeForce GTX 1080 Ti, 582.28, 100 %, 6 %, 3131 MiB, 1911 MHz, 5005 MHz, 96.03 W, 65
2026/09/22 18:42:01.235, NVIDIA GeForce GTX 1080 Ti, 582.28, 92 %, 2 %, 2932 MiB, 1911 MHz, 5005 MHz, 84.96 W, 64
2026/09/22 18:42:03.194, NVIDIA GeForce GTX 1080 Ti, 582.28, 40 %, 3 %, 2915 MiB, 1911 MHz, 5005 MHz, 83.32 W, 64
2026/09/22 18:42:05.177, NVIDIA GeForce GTX 1080 Ti, 582.28, 52 %, 3 %, 2600 MiB, 1911 MHz, 5005 MHz, 88.10 W, 64
2026/09/22 18:42:08.876, NVIDIA GeForce GTX 1080 Ti, 582.28, 97 %, 3 %, 2941 MiB, 1911 MHz, 5005 MHz, 84.00 W, 64
2026/09/22 18:42:10.859, NVIDIA GeForce GTX 1080 Ti, 582.28, 6 %, 2 %, 1546 MiB, 1911 MHz, 5508 MHz, 86.29 W, 64
2026/09/22 18:42:12.819, NVIDIA GeForce GTX 1080 Ti, 582.28, 15 %, 13 %, 1532 MiB, 746 MHz, 810 MHz, 25.89 W, 59
2026/09/22 18:42:14.758, NVIDIA GeForce GTX 1080 Ti, 582.28, 23 %, 23 %, 1522 MiB, 607 MHz, 405 MHz, 23.08 W, 58
2026/09/22 18:42:16.698, NVIDIA GeForce GTX 1080 Ti, 582.28, 21 %, 22 %, 1482 MiB, 607 MHz, 405 MHz, 23.08 W, 57
2026/09/22 18:42:18.642, NVIDIA GeForce GTX 1080 Ti, 582.28, 25 %, 24 %, 1483 MiB, 607 MHz, 405 MHz, 23.67 W, 57
2026/09/22 18:42:20.581, NVIDIA GeForce GTX 1080 Ti, 582.28, 32 %, 29 %, 1497 MiB, 607 MHz, 405 MHz, 24.05 W, 57
2026/09/22 18:42:22.489, NVIDIA GeForce GTX 1080 Ti, 582.28, 24 %, 24 %, 1512 MiB, 607 MHz, 405 MHz, 22.80 W, 57
2026/09/22 18:42:24.388, NVIDIA GeForce GTX 1080 Ti, 582.28, 6 %, 2 %, 1547 MiB, 1531 MHz, 5508 MHz, 65.18 W, 59
2026/09/22 18:42:26.294, NVIDIA GeForce GTX 1080 Ti, 582.28, 7 %, 2 %, 1546 MiB, 1404 MHz, 5508 MHz, 61.89 W, 59
2026/09/22 18:42:28.254, NVIDIA GeForce GTX 1080 Ti, 582.28, 7 %, 2 %, 1532 MiB, 1404 MHz, 5508 MHz, 62.37 W, 58
2026/09/22 18:42:30.213, NVIDIA GeForce GTX 1080 Ti, 582.28, 7 %, 2 %, 1519 MiB, 1202 MHz, 5005 MHz, 55.49 W, 58
2026/09/22 18:42:32.172, NVIDIA GeForce GTX 1080 Ti, 582.28, 14 %, 13 %, 1516 MiB, 721 MHz, 810 MHz, 25.59 W, 56
2026/09/22 18:42:34.132, NVIDIA GeForce GTX 1080 Ti, 582.28, 32 %, 29 %, 1531 MiB, 607 MHz, 405 MHz, 22.70 W, 56
2026/09/22 18:42:36.098, NVIDIA GeForce GTX 1080 Ti, 582.28, 25 %, 25 %, 1514 MiB, 607 MHz, 405 MHz, 22.60 W, 55
2026/09/22 18:42:38.069, NVIDIA GeForce GTX 1080 Ti, 582.28, 29 %, 27 %, 1513 MiB, 607 MHz, 405 MHz, 23.38 W, 55
2026/09/22 18:42:41.826, NVIDIA GeForce GTX 1080 Ti, 582.28, 33 %, 30 %, 1503 MiB, 607 MHz, 405 MHz, 22.60 W, 55
2026/09/22 18:42:43.807, NVIDIA GeForce GTX 1080 Ti, 582.28, 23 %, 23 %, 1502 MiB, 607 MHz, 405 MHz, 23.37 W, 55
2026/09/22 18:42:45.775, NVIDIA GeForce GTX 1080 Ti, 582.28, 23 %, 22 %, 1502 MiB, 607 MHz, 405 MHz, 22.41 W, 55
2026/09/22 18:42:47.727, NVIDIA GeForce GTX 1080 Ti, 582.28, 29 %, 28 %, 1525 MiB, 607 MHz, 405 MHz, 23.47 W, 54
2026/09/22 18:42:49.635, NVIDIA GeForce GTX 1080 Ti, 582.28, 48 %, 41 %, 1526 MiB, 607 MHz, 405 MHz, 24.15 W, 54
2026/09/22 18:42:51.544, NVIDIA GeForce GTX 1080 Ti, 582.28, 27 %, 25 %, 1523 MiB, 607 MHz, 405 MHz, 22.99 W, 54
2026/09/22 18:42:53.473, NVIDIA GeForce GTX 1080 Ti, 582.28, 6 %, 2 %, 1435 MiB, 1531 MHz, 5508 MHz, 64.79 W, 56
2026/09/22 18:42:55.438, NVIDIA GeForce GTX 1080 Ti, 582.28, 6 %, 2 %, 1416 MiB, 1531 MHz, 5508 MHz, 64.40 W, 57
2026/09/22 18:42:57.393, NVIDIA GeForce GTX 1080 Ti, 582.28, 7 %, 2 %, 1404 MiB, 1430 MHz, 5508 MHz, 61.70 W, 56
2026/09/22 18:42:59.352, NVIDIA GeForce GTX 1080 Ti, 582.28, 8 %, 2 %, 1385 MiB, 1227 MHz, 5005 MHz, 55.20 W, 56
2026/09/22 18:43:01.307, NVIDIA GeForce GTX 1080 Ti, 582.28, 31 %, 23 %, 1415 MiB, 746 MHz, 810 MHz, 26.17 W, 55
2026/09/22 18:43:03.263, NVIDIA GeForce GTX 1080 Ti, 582.28, 5 %, 1 %, 1546 MiB, 1531 MHz, 5508 MHz, 65.24 W, 57
2026/09/22 18:43:05.222, NVIDIA GeForce GTX 1080 Ti, 582.28, 6 %, 2 %, 1526 MiB, 1430 MHz, 5508 MHz, 61.21 W, 56
2026/09/22 18:43:07.183, NVIDIA GeForce GTX 1080 Ti, 582.28, 7 %, 2 %, 1504 MiB, 1531 MHz, 5508 MHz, 64.31 W, 57
2026/09/22 18:43:09.147, NVIDIA GeForce GTX 1080 Ti, 582.28, 7 %, 2 %, 1738 MiB, 1531 MHz, 5005 MHz, 61.03 W, 57
2026/09/22 18:43:11.109, NVIDIA GeForce GTX 1080 Ti, 582.28, 9 %, 2 %, 1730 MiB, 1531 MHz, 5005 MHz, 61.12 W, 57
2026/09/22 18:43:13.103, NVIDIA GeForce GTX 1080 Ti, 582.28, 9 %, 2 %, 2002 MiB, 1695 MHz, 5005 MHz, 66.63 W, 57
2026/09/22 18:43:16.837, NVIDIA GeForce GTX 1080 Ti, 582.28, 8 %, 2 %, 1995 MiB, 1695 MHz, 5005 MHz, 65.66 W, 57
2026/09/22 18:43:18.810, NVIDIA GeForce GTX 1080 Ti, 582.28, 100 %, 8 %, 2255 MiB, 1923 MHz, 5005 MHz, 105.01 W, 60
2026/09/22 18:43:20.769, NVIDIA GeForce GTX 1080 Ti, 582.28, 100 %, 8 %, 2251 MiB, 1911 MHz, 5005 MHz, 102.62 W, 61
2026/09/22 18:43:22.692, NVIDIA GeForce GTX 1080 Ti, 582.28, 100 %, 14 %, 2269 MiB, 1911 MHz, 5005 MHz, 106.55 W, 62
2026/09/22 18:43:24.616, NVIDIA GeForce GTX 1080 Ti, 582.28, 100 %, 8 %, 2257 MiB, 1911 MHz, 5005 MHz, 105.09 W, 62
2026/09/22 18:43:26.541, NVIDIA GeForce GTX 1080 Ti, 582.28, 100 %, 8 %, 2253 MiB, 1911 MHz, 5005 MHz, 110.63 W, 62
2026/09/22 18:43:28.470, NVIDIA GeForce GTX 1080 Ti, 582.28, 100 %, 10 %, 2251 MiB, 1911 MHz, 5005 MHz, 106.24 W, 63
2026/09/22 18:43:30.428, NVIDIA GeForce GTX 1080 Ti, 582.28, 7 %, 2 %, 1469 MiB, 1911 MHz, 5508 MHz, 82.50 W, 61
2026/09/22 18:43:32.386, NVIDIA GeForce GTX 1080 Ti, 582.28, 9 %, 2 %, 1739 MiB, 1911 MHz, 5005 MHz, 79.81 W, 61
2026/09/22 18:43:34.350, NVIDIA GeForce GTX 1080 Ti, 582.28, 6 %, 2 %, 1739 MiB, 1911 MHz, 5005 MHz, 80.29 W, 61
2026/09/22 18:43:36.308, NVIDIA GeForce GTX 1080 Ti, 582.28, 6 %, 2 %, 1781 MiB, 1911 MHz, 5005 MHz, 80.40 W, 61
2026/09/22 18:43:38.270, NVIDIA GeForce GTX 1080 Ti, 582.28, 56 %, 9 %, 2219 MiB, 1911 MHz, 5005 MHz, 119.78 W, 61
2026/09/22 18:43:40.225, NVIDIA GeForce GTX 1080 Ti, 582.28, 99 %, 8 %, 2219 MiB, 1911 MHz, 5005 MHz, 111.88 W, 63
2026/09/22 18:43:42.184, NVIDIA GeForce GTX 1080 Ti, 582.28, 100 %, 8 %, 2219 MiB, 1911 MHz, 5005 MHz, 106.26 W, 63
2026/09/22 18:43:44.139, NVIDIA GeForce GTX 1080 Ti, 582.28, 100 %, 14 %, 2219 MiB, 1911 MHz, 5005 MHz, 104.36 W, 64
2026/09/22 18:43:46.102, NVIDIA GeForce GTX 1080 Ti, 582.28, 100 %, 8 %, 2219 MiB, 1911 MHz, 5005 MHz, 105.25 W, 63
2026/09/22 18:43:48.063, NVIDIA GeForce GTX 1080 Ti, 582.28, 5 %, 2 %, 2059 MiB, 1911 MHz, 5005 MHz, 81.01 W, 62
2026/09/22 18:43:51.790, NVIDIA GeForce GTX 1080 Ti, 582.28, 6 %, 2 %, 1472 MiB, 1911 MHz, 5508 MHz, 84.39 W, 62
2026/09/22 18:43:53.755, NVIDIA GeForce GTX 1080 Ti, 582.28, 6 %, 2 %, 1740 MiB, 1531 MHz, 5005 MHz, 61.51 W, 59
2026/09/22 18:43:55.714, NVIDIA GeForce GTX 1080 Ti, 582.28, 18 %, 3 %, 2159 MiB, 1911 MHz, 5005 MHz, 79.84 W, 61
2026/09/22 18:43:57.672, NVIDIA GeForce GTX 1080 Ti, 582.28, 100 %, 8 %, 2219 MiB, 1911 MHz, 5005 MHz, 109.93 W, 64
2026/09/22 18:43:59.635, NVIDIA GeForce GTX 1080 Ti, 582.28, 100 %, 9 %, 2219 MiB, 1911 MHz, 5005 MHz, 105.09 W, 63
2026/09/22 18:44:01.594, NVIDIA GeForce GTX 1080 Ti, 582.28, 100 %, 14 %, 2219 MiB, 1911 MHz, 5005 MHz, 107.41 W, 64
2026/09/22 18:44:03.556, NVIDIA GeForce GTX 1080 Ti, 582.28, 100 %, 8 %, 2219 MiB, 1911 MHz, 5005 MHz, 104.10 W, 64
2026/09/22 18:44:05.513, NVIDIA GeForce GTX 1080 Ti, 582.28, 100 %, 9 %, 2219 MiB, 1911 MHz, 5005 MHz, 123.03 W, 64
2026/09/22 18:44:07.475, NVIDIA GeForce GTX 1080 Ti, 582.28, 100 %, 8 %, 2217 MiB, 1911 MHz, 5005 MHz, 107.22 W, 64
2026/09/22 18:44:09.431, NVIDIA GeForce GTX 1080 Ti, 582.28, 100 %, 9 %, 2213 MiB, 1911 MHz, 5005 MHz, 109.79 W, 64
2026/09/22 18:44:11.392, NVIDIA GeForce GTX 1080 Ti, 582.28, 100 %, 8 %, 2209 MiB, 1911 MHz, 5005 MHz, 109.53 W, 64
2026/09/22 18:44:13.347, NVIDIA GeForce GTX 1080 Ti, 582.28, 5 %, 2 %, 1459 MiB, 1911 MHz, 5508 MHz, 84.49 W, 63
2026/09/22 18:44:15.306, NVIDIA GeForce GTX 1080 Ti, 582.28, 12 %, 3 %, 1697 MiB, 1911 MHz, 5005 MHz, 79.98 W, 62
2026/09/22 18:44:17.261, NVIDIA GeForce GTX 1080 Ti, 582.28, 62 %, 6 %, 1979 MiB, 1911 MHz, 5005 MHz, 105.18 W, 63
2026/09/22 18:44:19.220, NVIDIA GeForce GTX 1080 Ti, 582.28, 100 %, 8 %, 2241 MiB, 1911 MHz, 5005 MHz, 109.87 W, 64
2026/09/22 18:44:21.175, NVIDIA GeForce GTX 1080 Ti, 582.28, 100 %, 9 %, 2241 MiB, 1911 MHz, 5005 MHz, 106.03 W, 65
2026/09/22 18:44:24.720, NVIDIA GeForce GTX 1080 Ti, 582.28, 99 %, 6 %, 2241 MiB, 1911 MHz, 5005 MHz, 114.26 W, 65
2026/09/22 18:44:26.675, NVIDIA GeForce GTX 1080 Ti, 582.28, 100 %, 11 %, 2241 MiB, 1911 MHz, 5005 MHz, 110.18 W, 65
2026/09/22 18:44:28.633, NVIDIA GeForce GTX 1080 Ti, 582.28, 100 %, 8 %, 2241 MiB, 1911 MHz, 5005 MHz, 107.61 W, 65
2026/09/22 18:44:30.588, NVIDIA GeForce GTX 1080 Ti, 582.28, 100 %, 8 %, 2241 MiB, 1911 MHz, 5005 MHz, 107.28 W, 65
2026/09/22 18:44:32.549, NVIDIA GeForce GTX 1080 Ti, 582.28, 100 %, 8 %, 2241 MiB, 1911 MHz, 5005 MHz, 107.12 W, 65
2026/09/22 18:44:34.504, NVIDIA GeForce GTX 1080 Ti, 582.28, 100 %, 8 %, 2241 MiB, 1911 MHz, 5005 MHz, 107.41 W, 65
2026/09/22 18:44:36.464, NVIDIA GeForce GTX 1080 Ti, 582.28, 100 %, 8 %, 2240 MiB, 1911 MHz, 5005 MHz, 112.04 W, 65
2026/09/22 18:44:38.419, NVIDIA GeForce GTX 1080 Ti, 582.28, 100 %, 11 %, 2240 MiB, 1911 MHz, 5005 MHz, 127.85 W, 65
2026/09/22 18:44:40.376, NVIDIA GeForce GTX 1080 Ti, 582.28, 66 %, 5 %, 2078 MiB, 1911 MHz, 5005 MHz, 82.08 W, 65
2026/09/22 18:44:42.330, NVIDIA GeForce GTX 1080 Ti, 582.28, 7 %, 2 %, 1669 MiB, 1911 MHz, 5005 MHz, 84.26 W, 64
2026/09/22 18:44:44.291, NVIDIA GeForce GTX 1080 Ti, 582.28, 28 %, 4 %, 2049 MiB, 1531 MHz, 5005 MHz, 62.47 W, 61
2026/09/22 18:44:46.246, NVIDIA GeForce GTX 1080 Ti, 582.28, 100 %, 6 %, 2152 MiB, 1911 MHz, 5005 MHz, 99.23 W, 65
2026/09/22 18:44:48.204, NVIDIA GeForce GTX 1080 Ti, 582.28, 100 %, 6 %, 2121 MiB, 1911 MHz, 5005 MHz, 99.46 W, 65
2026/09/22 18:44:50.158, NVIDIA GeForce GTX 1080 Ti, 582.28, 100 %, 9 %, 2458 MiB, 1911 MHz, 5005 MHz, 100.69 W, 65
2026/09/22 18:44:52.115, NVIDIA GeForce GTX 1080 Ti, 582.28, 100 %, 8 %, 2419 MiB, 1911 MHz, 5005 MHz, 102.31 W, 65
2026/09/22 18:44:54.070, NVIDIA GeForce GTX 1080 Ti, 582.28, 5 %, 2 %, 1746 MiB, 1911 MHz, 5508 MHz, 85.76 W, 64
2026/09/22 18:44:56.027, NVIDIA GeForce GTX 1080 Ti, 582.28, 8 %, 3 %, 1798 MiB, 1911 MHz, 5005 MHz, 82.30 W, 63
2026/09/22 18:44:59.619, NVIDIA GeForce GTX 1080 Ti, 582.28, 75 %, 8 %, 2068 MiB, 1911 MHz, 5005 MHz, 100.64 W, 64
2026/09/22 18:45:01.575, NVIDIA GeForce GTX 1080 Ti, 582.28, 100 %, 5 %, 2073 MiB, 1911 MHz, 5005 MHz, 100.26 W, 65
2026/09/22 18:45:03.530, NVIDIA GeForce GTX 1080 Ti, 582.28, 100 %, 6 %, 2028 MiB, 1911 MHz, 5005 MHz, 101.68 W, 65
2026/09/22 18:45:05.487, NVIDIA GeForce GTX 1080 Ti, 582.28, 100 %, 5 %, 2018 MiB, 1911 MHz, 5005 MHz, 100.18 W, 65
2026/09/22 18:45:07.442, NVIDIA GeForce GTX 1080 Ti, 582.28, 3 %, 2 %, 1462 MiB, 1911 MHz, 5508 MHz, 84.40 W, 63
2026/09/22 18:45:09.397, NVIDIA GeForce GTX 1080 Ti, 582.28, 54 %, 4 %, 1854 MiB, 1911 MHz, 5005 MHz, 85.59 W, 64
2026/09/22 18:45:11.351, NVIDIA GeForce GTX 1080 Ti, 582.28, 100 %, 7 %, 2020 MiB, 1911 MHz, 5005 MHz, 100.55 W, 65
2026/09/22 18:45:13.309, NVIDIA GeForce GTX 1080 Ti, 582.28, 100 %, 5 %, 2020 MiB, 1911 MHz, 5005 MHz, 101.67 W, 65
2026/09/22 18:45:15.263, NVIDIA GeForce GTX 1080 Ti, 582.28, 100 %, 5 %, 2020 MiB, 1911 MHz, 5005 MHz, 103.76 W, 65
2026/09/22 18:45:17.217, NVIDIA GeForce GTX 1080 Ti, 582.28, 100 %, 8 %, 2016 MiB, 1911 MHz, 5005 MHz, 100.75 W, 65
2026/09/22 18:45:19.172, NVIDIA GeForce GTX 1080 Ti, 582.28, 100 %, 5 %, 2016 MiB, 1911 MHz, 5005 MHz, 100.70 W, 65
2026/09/22 18:45:21.131, NVIDIA GeForce GTX 1080 Ti, 582.28, 4 %, 2 %, 1460 MiB, 1911 MHz, 5508 MHz, 85.48 W, 64
2026/09/22 18:45:23.085, NVIDIA GeForce GTX 1080 Ti, 582.28, 3 %, 1 %, 1666 MiB, 1911 MHz, 5005 MHz, 81.59 W, 64
2026/09/22 18:45:25.045, NVIDIA GeForce GTX 1080 Ti, 582.28, 100 %, 6 %, 2046 MiB, 1911 MHz, 5005 MHz, 100.08 W, 65
2026/09/22 18:45:27.001, NVIDIA GeForce GTX 1080 Ti, 582.28, 100 %, 5 %, 2046 MiB, 1911 MHz, 5005 MHz, 101.12 W, 65
2026/09/22 18:45:28.957, NVIDIA GeForce GTX 1080 Ti, 582.28, 100 %, 5 %, 2067 MiB, 1911 MHz, 5005 MHz, 101.99 W, 65
2026/09/22 18:45:32.564, NVIDIA GeForce GTX 1080 Ti, 582.28, 100 %, 5 %, 2060 MiB, 1911 MHz, 5005 MHz, 101.17 W, 65
2026/09/22 18:45:34.520, NVIDIA GeForce GTX 1080 Ti, 582.28, 100 %, 5 %, 2055 MiB, 1911 MHz, 5005 MHz, 99.91 W, 65
2026/09/22 18:45:36.476, NVIDIA GeForce GTX 1080 Ti, 582.28, 100 %, 5 %, 2044 MiB, 1911 MHz, 5005 MHz, 109.82 W, 65
2026/09/22 18:45:38.432, NVIDIA GeForce GTX 1080 Ti, 582.28, 100 %, 5 %, 2063 MiB, 1911 MHz, 5005 MHz, 103.91 W, 66
2026/09/22 18:45:40.387, NVIDIA GeForce GTX 1080 Ti, 582.28, 4 %, 2 %, 1478 MiB, 1911 MHz, 5508 MHz, 85.78 W, 64
2026/09/22 18:45:42.346, NVIDIA GeForce GTX 1080 Ti, 582.28, 67 %, 5 %, 1978 MiB, 1721 MHz, 5005 MHz, 77.58 W, 62
2026/09/22 18:45:44.301, NVIDIA GeForce GTX 1080 Ti, 582.28, 100 %, 4 %, 1981 MiB, 1911 MHz, 5005 MHz, 97.05 W, 65
2026/09/22 18:45:46.259, NVIDIA GeForce GTX 1080 Ti, 582.28, 98 %, 4 %, 1980 MiB, 1911 MHz, 5005 MHz, 101.89 W, 65
2026/09/22 18:45:48.214, NVIDIA GeForce GTX 1080 Ti, 582.28, 100 %, 4 %, 1978 MiB, 1911 MHz, 5005 MHz, 98.48 W, 65
2026/09/22 18:45:50.169, NVIDIA GeForce GTX 1080 Ti, 582.28, 100 %, 4 %, 1978 MiB, 1911 MHz, 5005 MHz, 97.26 W, 65
2026/09/22 18:45:52.123, NVIDIA GeForce GTX 1080 Ti, 582.28, 4 %, 2 %, 1664 MiB, 1911 MHz, 5005 MHz, 83.50 W, 64
2026/09/22 18:45:54.081, NVIDIA GeForce GTX 1080 Ti, 582.28, 100 %, 4 %, 1979 MiB, 1911 MHz, 5005 MHz, 94.85 W, 65
2026/09/22 18:45:56.035, NVIDIA GeForce GTX 1080 Ti, 582.28, 100 %, 4 %, 1977 MiB, 1911 MHz, 5005 MHz, 98.01 W, 65
2026/09/22 18:45:57.993, NVIDIA GeForce GTX 1080 Ti, 582.28, 100 %, 5 %, 1977 MiB, 1911 MHz, 5005 MHz, 96.39 W, 65
2026/09/22 18:45:59.947, NVIDIA GeForce GTX 1080 Ti, 582.28, 100 %, 4 %, 1977 MiB, 1911 MHz, 5005 MHz, 95.66 W, 64
2026/09/22 18:46:01.905, NVIDIA GeForce GTX 1080 Ti, 582.28, 4 %, 2 %, 1457 MiB, 1911 MHz, 5508 MHz, 86.11 W, 64
2026/09/22 18:46:03.859, NVIDIA GeForce GTX 1080 Ti, 582.28, 5 %, 2 %, 1977 MiB, 1911 MHz, 5005 MHz, 106.85 W, 64
2026/09/22 18:46:07.462, NVIDIA GeForce GTX 1080 Ti, 582.28, 100 %, 4 %, 1977 MiB, 1911 MHz, 5005 MHz, 96.83 W, 65
2026/09/22 18:46:09.422, NVIDIA GeForce GTX 1080 Ti, 582.28, 100 %, 5 %, 1977 MiB, 1911 MHz, 5005 MHz, 95.82 W, 65
2026/09/22 18:46:11.377, NVIDIA GeForce GTX 1080 Ti, 582.28, 100 %, 4 %, 1977 MiB, 1911 MHz, 5005 MHz, 96.41 W, 65
2026/09/22 18:46:13.337, NVIDIA GeForce GTX 1080 Ti, 582.28, 100 %, 4 %, 1976 MiB, 1911 MHz, 5005 MHz, 96.48 W, 65
2026/09/22 18:46:15.292, NVIDIA GeForce GTX 1080 Ti, 582.28, 100 %, 4 %, 1815 MiB, 1911 MHz, 5005 MHz, 82.65 W, 64
2026/09/22 18:46:17.247, NVIDIA GeForce GTX 1080 Ti, 582.28, 9 %, 2 %, 1663 MiB, 1911 MHz, 5005 MHz, 82.31 W, 64
2026/09/22 18:46:19.201, NVIDIA GeForce GTX 1080 Ti, 582.28, 100 %, 4 %, 1977 MiB, 1911 MHz, 5005 MHz, 96.33 W, 65
2026/09/22 18:46:21.161, NVIDIA GeForce GTX 1080 Ti, 582.28, 100 %, 5 %, 1977 MiB, 1911 MHz, 5005 MHz, 96.76 W, 65
2026/09/22 18:46:23.115, NVIDIA GeForce GTX 1080 Ti, 582.28, 100 %, 6 %, 1977 MiB, 1911 MHz, 5005 MHz, 96.33 W, 65
2026/09/22 18:46:25.075, NVIDIA GeForce GTX 1080 Ti, 582.28, 98 %, 5 %, 1977 MiB, 1911 MHz, 5005 MHz, 95.92 W, 65
2026/09/22 18:46:27.029, NVIDIA GeForce GTX 1080 Ti, 582.28, 100 %, 5 %, 1976 MiB, 1911 MHz, 5005 MHz, 104.53 W, 65
2026/09/22 18:46:28.990, NVIDIA GeForce GTX 1080 Ti, 582.28, 100 %, 5 %, 1976 MiB, 1911 MHz, 5005 MHz, 100.45 W, 65
2026/09/22 18:46:30.944, NVIDIA GeForce GTX 1080 Ti, 582.28, 99 %, 4 %, 1976 MiB, 1911 MHz, 5005 MHz, 98.59 W, 65
2026/09/22 18:46:32.898, NVIDIA GeForce GTX 1080 Ti, 582.28, 4 %, 2 %, 1456 MiB, 1911 MHz, 5508 MHz, 84.62 W, 64
2026/09/22 18:46:34.853, NVIDIA GeForce GTX 1080 Ti, 582.28, 14 %, 13 %, 1456 MiB, 746 MHz, 810 MHz, 26.08 W, 59
2026/09/22 18:46:36.808, NVIDIA GeForce GTX 1080 Ti, 582.28, 18 %, 22 %, 1456 MiB, 607 MHz, 405 MHz, 23.47 W, 58
2026/09/22 18:46:38.764, NVIDIA GeForce GTX 1080 Ti, 582.28, 24 %, 23 %, 1456 MiB, 607 MHz, 405 MHz, 23.09 W, 58
2026/09/22 18:46:42.384, NVIDIA GeForce GTX 1080 Ti, 582.28, 18 %, 20 %, 1456 MiB, 607 MHz, 405 MHz, 23.38 W, 57
2026/09/22 18:46:44.342, NVIDIA GeForce GTX 1080 Ti, 582.28, 18 %, 21 %, 1459 MiB, 607 MHz, 405 MHz, 22.89 W, 57
2026/09/22 18:46:46.298, NVIDIA GeForce GTX 1080 Ti, 582.28, 21 %, 22 %, 1458 MiB, 607 MHz, 405 MHz, 22.60 W, 57
2026/09/22 18:46:48.254, NVIDIA GeForce GTX 1080 Ti, 582.28, 24 %, 25 %, 1477 MiB, 607 MHz, 405 MHz, 23.18 W, 56
2026/09/22 18:46:50.211, NVIDIA GeForce GTX 1080 Ti, 582.28, 25 %, 26 %, 1477 MiB, 607 MHz, 405 MHz, 23.86 W, 56
2026/09/22 18:46:52.167, NVIDIA GeForce GTX 1080 Ti, 582.28, 21 %, 23 %, 1468 MiB, 607 MHz, 405 MHz, 23.86 W, 56
2026/09/22 18:46:54.128, NVIDIA GeForce GTX 1080 Ti, 582.28, 18 %, 21 %, 1466 MiB, 607 MHz, 405 MHz, 22.99 W, 56
2026/09/22 18:46:56.084, NVIDIA GeForce GTX 1080 Ti, 582.28, 21 %, 23 %, 1455 MiB, 607 MHz, 405 MHz, 23.08 W, 55
